Season,Team,Games,Saves,Goals Conceded,Clean Sheets,Saves per game,Goals Conceded per game,Clean Sheets per game,Saves%,Save Rate
1992-1993,Ipswich Town,42,133,55,12,3.1666666666666665,1.3095238095238095,0.2857142857142857,0.7074468085106383,0.7074468085106383
1992-1993,Chelsea,42,156,54,11,3.7142857142857144,1.2857142857142858,0.2619047619047619,0.7428571428571429,0.7428571428571429
1992-1993,Leeds United,42,123,62,11,2.9285714285714284,1.4761904761904763,0.2619047619047619,0.6648648648648648,0.6648648648648648
1992-1993,Aston Villa,42,149,40,15,3.5476190476190474,0.9523809523809523,0.35714285714285715,0.7883597883597884,0.7883597883597884
1992-1993,Middlesbrough,42,144,75,8,3.4285714285714284,1.7857142857142858,0.19047619047619047,0.6575342465753424,0.6575342465753424
1992-1993,Manchester City,42,137,51,11,3.261904761904762,1.2142857142857142,0.2619047619047619,0.7287234042553191,0.7287234042553191
1992-1993,Nott'ham Forest,42,146,62,9,3.4761904761904763,1.4761904761904763,0.21428571428571427,0.7019230769230769,0.7019230769230769
1992-1993,Southampton,42,151,61,10,3.5952380952380953,1.4523809523809523,0.23809523809523808,0.7122641509433962,0.7122641509433962
1992-1993,Oldham Athletic,42,134,74,3,3.1904761904761907,1.7619047619047619,0.07142857142857142,0.6442307692307693,0.6442307692307693
1992-1993,Coventry City,42,134,57,11,3.1904761904761907,1.3571428571428572,0.2619047619047619,0.7015706806282722,0.7015706806282722
1992-1993,Liverpool,42,136,55,12,3.238095238095238,1.3095238095238095,0.2857142857142857,0.7120418848167539,0.7120418848167539
1992-1993,Norwich City,42,141,65,11,3.357142857142857,1.5476190476190477,0.2619047619047619,0.6844660194174758,0.6844660194174758
1992-1993,Everton,42,141,55,11,3.357142857142857,1.3095238095238095,0.2619047619047619,0.7193877551020408,0.7193877551020408
1992-1993,Sheffield Utd,42,148,53,11,3.5238095238095237,1.2619047619047619,0.2619047619047619,0.736318407960199,0.736318407960199
1992-1993,Crystal Palace,42,140,61,11,3.3333333333333335,1.4523809523809523,0.2619047619047619,0.6965174129353234,0.6965174129353234
1992-1993,Arsenal,42,163,38,16,3.880952380952381,0.9047619047619048,0.38095238095238093,0.8109452736318408,0.8109452736318408
1992-1993,Blackburn,42,138,46,19,3.2857142857142856,1.0952380952380953,0.4523809523809524,0.75,0.75
1992-1993,Sheffield Weds,42,127,51,9,3.0238095238095237,1.2142857142857142,0.21428571428571427,0.7134831460674157,0.7134831460674157
1992-1993,QPR,42,137,55,8,3.261904761904762,1.3095238095238095,0.19047619047619047,0.7135416666666666,0.7135416666666666
1992-1993,Manchester Utd,42,111,31,18,2.642857142857143,0.7380952380952381,0.42857142857142855,0.7816901408450704,0.7816901408450704
1992-1993,Wimbledon,42,133,55,13,3.1666666666666665,1.3095238095238095,0.30952380952380953,0.7074468085106383,0.7074468085106383
1992-1993,Tottenham,42,120,66,10,2.857142857142857,1.5714285714285714,0.23809523809523808,0.6451612903225806,0.6451612903225806
1993-1994,Southampton,42,143.0,65,6.0,3.4047619047619047,1.5476190476190477,0.14285714285714285,0.6875,0.7185929648241206
1993-1994,Ipswich Town,42,189.0,58,14.0,4.5,1.380952380952381,0.3333333333333333,0.7651821862348178,0.7651821862348178
1993-1994,Leeds United,42,147.0,39,18.0,3.5,0.9285714285714286,0.42857142857142855,0.7903225806451613,0.7903225806451613
1993-1994,Aston Villa,42,125.0,50,15.0,2.9761904761904763,1.1904761904761905,0.35714285714285715,0.7142857142857143,0.7142857142857143
1993-1994,Manchester City,42,152.0,49,13.0,3.619047619047619,1.1666666666666667,0.30952380952380953,0.7562189054726368,0.7562189054726368
1993-1994,Swindon Town,42,nan,101,nan,nan,2.4047619047619047,nan,0,0
1993-1994,Blackburn,42,152.0,37,16.0,3.619047619047619,0.8809523809523809,0.38095238095238093,0.8042328042328042,0.7676767676767676
1993-1994,Oldham Athletic,42,154.0,68,7.0,3.6666666666666665,1.619047619047619,0.16666666666666666,0.6936936936936937,0.7
1993-1994,Coventry City,42,153.0,45,14.0,3.642857142857143,1.0714285714285714,0.3333333333333333,0.7727272727272727,0.7727272727272727
1993-1994,Liverpool,42,136.0,55,9.0,3.238095238095238,1.3095238095238095,0.21428571428571427,0.7120418848167539,0.7120418848167539
1993-1994,Norwich City,42,143.0,61,10.0,3.4047619047619047,1.4523809523809523,0.23809523809523808,0.7009803921568627,0.7009803921568627
1993-1994,Chelsea,42,139.0,53,11.0,3.3095238095238093,1.2619047619047619,0.2619047619047619,0.7239583333333334,0.7239583333333334
1993-1994,Newcastle Utd,42,159.0,41,15.0,3.7857142857142856,0.9761904761904762,0.35714285714285715,0.795,0.795
1993-1994,Sheffield Utd,42,132.0,60,13.0,3.142857142857143,1.4285714285714286,0.30952380952380953,0.6875,0.6875
1993-1994,West Ham,42,135.0,58,8.0,3.2142857142857144,1.380952380952381,0.19047619047619047,0.6994818652849741,0.6994818652849741
1993-1994,Arsenal,42,120.0,28,21.0,2.857142857142857,0.6666666666666666,0.5,0.8108108108108109,0.8108108108108109
1993-1994,Sheffield Weds,42,140.0,54,10.0,3.3333333333333335,1.2857142857142858,0.23809523809523808,0.7216494845360825,0.7216494845360825
1993-1994,QPR,42,135.0,61,10.0,3.2142857142857144,1.4523809523809523,0.23809523809523808,0.6887755102040817,0.6887755102040817
1993-1994,Manchester Utd,42,114.0,38,16.0,2.7142857142857144,0.9047619047619048,0.38095238095238093,0.75,0.7307692307692307
1993-1994,Wimbledon,42,116.0,53,12.0,2.761904761904762,1.2619047619047619,0.2857142857142857,0.6863905325443787,0.6863905325443787
1993-1994,Everton,42,163.0,63,10.0,3.880952380952381,1.5,0.23809523809523808,0.7212389380530974,0.7212389380530974
1993-1994,Tottenham,42,113.0,59,9.0,2.6904761904761907,1.4047619047619047,0.21428571428571427,0.6569767441860465,0.6569767441860465
1994-1995,Ipswich Town,42,192.0,93.0,3.0,4.571428571428571,2.2142857142857144,0.07142857142857142,0.6736842105263158,0.6736842105263158
1994-1995,Arsenal,42,141.0,49.0,13.0,3.357142857142857,1.1666666666666667,0.30952380952380953,0.7421052631578947,0.7421052631578947
1994-1995,Southampton,42,159.0,63.0,9.0,3.7857142857142856,1.5,0.21428571428571427,0.7162162162162162,0.7162162162162162
1994-1995,Aston Villa,42,141.0,56.0,11.0,3.357142857142857,1.3333333333333333,0.2619047619047619,0.7157360406091371,0.7157360406091371
1994-1995,Manchester City,42,nan,73.0,10.0,nan,1.7380952380952381,0.23809523809523808,0,0
1994-1995,Nott'ham Forest,42,126.0,43.0,13.0,3.0,1.0238095238095237,0.30952380952380953,0.7455621301775148,0.7455621301775148
1994-1995,QPR,42,135.0,59.0,10.0,3.2142857142857144,1.4047619047619047,0.23809523809523808,0.6958762886597938,0.6958762886597938
1994-1995,Coventry City,42,151.0,62.0,13.0,3.5952380952380953,1.4761904761904763,0.30952380952380953,0.7089201877934272,0.7089201877934272
1994-1995,Blackburn,42,126.0,39.0,16.0,3.0,0.9285714285714286,0.38095238095238093,0.7636363636363637,0.7636363636363637
1994-1995,Norwich City,42,141.0,53.0,10.0,3.357142857142857,1.2619047619047619,0.23809523809523808,0.7268041237113402,0.7268041237113402
1994-1995,Chelsea,42,159.0,55.0,13.0,3.7857142857142856,1.3095238095238095,0.30952380952380953,0.7429906542056075,0.7429906542056075
1994-1995,Newcastle Utd,42,138.0,47.0,14.0,3.2857142857142856,1.119047619047619,0.3333333333333333,0.745945945945946,0.745945945945946
1994-1995,Liverpool,42,133.0,37.0,16.0,3.1666666666666665,0.8809523809523809,0.38095238095238093,0.7823529411764706,0.7823529411764706
1994-1995,Everton,42,181.0,51.0,14.0,4.309523809523809,1.2142857142857142,0.3333333333333333,0.7801724137931034,0.7801724137931034
1994-1995,Leeds United,42,160.0,38.0,17.0,3.8095238095238093,0.9047619047619048,0.40476190476190477,0.8080808080808081,0.8080808080808081
1994-1995,Crystal Palace,42,147.0,49.0,14.0,3.5,1.1666666666666667,0.3333333333333333,0.75,0.75
1994-1995,West Ham,42,144.0,48.0,13.0,3.4285714285714284,1.1428571428571428,0.30952380952380953,0.75,0.75
1994-1995,Manchester Utd,42,nan,nan,nan,nan,nan,nan,0,0
1994-1995,Leicester City,42,165.0,80.0,4.0,3.9285714285714284,1.9047619047619047,0.09523809523809523,0.673469387755102,0.673469387755102
1994-1995,Sheffield Weds,42,138.0,57.0,12.0,3.2857142857142856,1.3571428571428572,0.2857142857142857,0.7076923076923077,0.7076923076923077
1994-1995,Wimbledon,42,146.0,65.0,12.0,3.4761904761904763,1.5476190476190477,0.2857142857142857,0.6919431279620853,0.6919431279620853
1994-1995,Tottenham,42,123.0,58.0,11.0,2.9285714285714284,1.380952380952381,0.2619047619047619,0.6795580110497238,0.6795580110497238
1995-1996,Southampton,38,140,52,10,3.6842105263157894,1.368421052631579,0.2631578947368421,0.7291666666666666,0.7291666666666666
1995-1996,Leeds United,38,140,57,10,3.6842105263157894,1.5,0.2631578947368421,0.7106598984771574,0.7106598984771574
1995-1996,Aston Villa,38,118,35,13,3.1052631578947367,0.9210526315789473,0.34210526315789475,0.7712418300653595,0.7712418300653595
1995-1996,Bolton,38,145,71,4,3.8157894736842106,1.868421052631579,0.10526315789473684,0.6712962962962963,0.6712962962962963
1995-1996,Nott'ham Forest,38,119,54,8,3.1315789473684212,1.4210526315789473,0.21052631578947367,0.6878612716763006,0.6878612716763006
1995-1996,West Ham,38,119,52,11,3.1315789473684212,1.368421052631579,0.2894736842105263,0.695906432748538,0.695906432748538
1995-1996,Coventry City,38,145,60,10,3.8157894736842106,1.5789473684210527,0.2631578947368421,0.7073170731707317,0.7073170731707317
1995-1996,Blackburn,38,114,47,10,3.0,1.236842105263158,0.2631578947368421,0.7080745341614907,0.7080745341614907
1995-1996,Wimbledon,38,152,70,6,4.0,1.8421052631578947,0.15789473684210525,0.6846846846846847,0.6846846846846847
1995-1996,Newcastle Utd,38,123,37,13,3.236842105263158,0.9736842105263158,0.34210526315789475,0.76875,0.76875
1995-1996,Chelsea,38,128,44,12,3.3684210526315788,1.1578947368421053,0.3157894736842105,0.7441860465116279,0.7441860465116279
1995-1996,Manchester City,38,145,58,8,3.8157894736842106,1.5263157894736843,0.21052631578947367,0.7142857142857143,0.7142857142857143
1995-1996,Liverpool,38,132,34,16,3.473684210526316,0.8947368421052632,0.42105263157894735,0.7951807228915663,0.7951807228915663
1995-1996,Middlesbrough,38,137,50,10,3.6052631578947367,1.3157894736842106,0.2631578947368421,0.732620320855615,0.732620320855615
1995-1996,Sheffield Weds,38,147,61,6,3.8684210526315788,1.605263157894737,0.15789473684210525,0.7067307692307693,0.7067307692307693
1995-1996,Manchester Utd,38,119,35,18,3.1315789473684212,0.9210526315789473,0.47368421052631576,0.7727272727272727,0.7727272727272727
1995-1996,QPR,38,151,57,5,3.973684210526316,1.5,0.13157894736842105,0.7259615384615384,0.7259615384615384
1995-1996,Arsenal,38,125,32,16,3.289473684210526,0.8421052631578947,0.42105263157894735,0.7961783439490446,0.7961783439490446
1995-1996,Everton,38,125,44,15,3.289473684210526,1.1578947368421053,0.39473684210526316,0.7396449704142012,0.7396449704142012
1995-1996,Tottenham,38,126,38,11,3.3157894736842106,1.0,0.2894736842105263,0.7682926829268293,0.7682926829268293
1996-1997,Tottenham,38,163.0,51,13,4.2894736842105265,1.3421052631578947,0.34210526315789475,0.7616822429906542,0.7616822429906542
1996-1997,Southampton,38,161.0,57,11,4.2368421052631575,1.5,0.2894736842105263,0.7385321100917431,0.7385321100917431
1996-1997,Leeds United,38,143.0,38,20,3.763157894736842,1.0,0.5263157894736842,0.7900552486187845,0.7900552486187845
1996-1997,Aston Villa,38,129.0,34,15,3.3947368421052633,0.8947368421052632,0.39473684210526316,0.7914110429447853,0.7914110429447853
1996-1997,Chelsea,38,nan,60,10,nan,1.5789473684210527,0.2631578947368421,0,0
1996-1997,Sunderland,38,159.0,53,11,4.184210526315789,1.394736842105263,0.2894736842105263,0.75,0.75
1996-1997,Nott'ham Forest,38,144.0,59,8,3.789473684210526,1.5526315789473684,0.21052631578947367,0.7093596059113301,0.7093596059113301
1996-1997,Manchester Utd,38,131.0,44,15,3.4473684210526314,1.1578947368421053,0.39473684210526316,0.7485714285714286,0.7485714285714286
1996-1997,Blackburn,38,140.0,43,11,3.6842105263157894,1.131578947368421,0.2894736842105263,0.7650273224043715,0.7650273224043715
1996-1997,Everton,38,141.0,57,10,3.710526315789474,1.5,0.2631578947368421,0.7121212121212122,0.7121212121212122
1996-1997,Arsenal,38,124.0,32,16,3.263157894736842,0.8421052631578947,0.42105263157894735,0.7948717948717948,0.7948717948717948
1996-1997,Wimbledon,38,166.0,46,11,4.368421052631579,1.2105263157894737,0.2894736842105263,0.7830188679245284,0.7830188679245284
1996-1997,Newcastle Utd,38,148.0,40,12,3.8947368421052633,1.0526315789473684,0.3157894736842105,0.7872340425531915,0.7872340425531915
1996-1997,Derby County,38,144.0,55,8,3.789473684210526,1.4473684210526316,0.21052631578947367,0.7236180904522613,0.7236180904522613
1996-1997,Liverpool,38,161.0,37,12,4.2368421052631575,0.9736842105263158,0.3157894736842105,0.8131313131313131,0.8131313131313131
1996-1997,Leicester City,38,149.0,54,9,3.9210526315789473,1.4210526315789473,0.23684210526315788,0.7339901477832512,0.7339901477832512
1996-1997,West Ham,38,163.0,48,10,4.2894736842105265,1.263157894736842,0.2631578947368421,0.7725118483412322,0.7725118483412322
1996-1997,Middlesbrough,38,165.0,60,6,4.342105263157895,1.5789473684210527,0.15789473684210525,0.7333333333333333,0.7333333333333333
1996-1997,Coventry City,38,162.0,54,9,4.2631578947368425,1.4210526315789473,0.23684210526315788,0.75,0.75
1996-1997,Sheffield Weds,38,165.0,51,10,4.342105263157895,1.3421052631578947,0.2631578947368421,0.7638888888888888,0.7638888888888888
1997-1998,Leicester City,38,153,41,15,4.026315789473684,1.0789473684210527,0.39473684210526316,0.788659793814433,0.788659793814433
1997-1998,Tottenham,38,138,56,10,3.6315789473684212,1.4736842105263157,0.2631578947368421,0.711340206185567,0.711340206185567
1997-1998,Leeds United,38,119,57,11,3.1315789473684212,1.5,0.2894736842105263,0.6761363636363636,0.6761363636363636
1997-1998,Aston Villa,38,115,48,9,3.026315789473684,1.263157894736842,0.23684210526315788,0.7055214723926381,0.7055214723926381
1997-1998,Bolton,38,156,61,10,4.105263157894737,1.605263157894737,0.2631578947368421,0.7188940092165899,0.7188940092165899
1997-1998,Sheffield Weds,38,138,67,8,3.6315789473684212,1.763157894736842,0.21052631578947367,0.6731707317073171,0.6731707317073171
1997-1998,Manchester Utd,38,112,26,20,2.9473684210526314,0.6842105263157895,0.5263157894736842,0.8115942028985508,0.8115942028985508
1997-1998,Blackburn,38,139,52,14,3.6578947368421053,1.368421052631579,0.3684210526315789,0.7277486910994765,0.7277486910994765
1997-1998,West Ham,38,142,57,8,3.736842105263158,1.5,0.21052631578947367,0.7135678391959799,0.7135678391959799
1997-1998,Liverpool,38,116,42,13,3.0526315789473686,1.105263157894737,0.34210526315789475,0.7341772151898734,0.7341772151898734
1997-1998,Everton,38,141,56,10,3.710526315789474,1.4736842105263157,0.2631578947368421,0.7157360406091371,0.7157360406091371
1997-1998,Newcastle Utd,38,110,45,10,2.8947368421052633,1.1842105263157894,0.2631578947368421,0.7096774193548387,0.7142857142857143
1997-1998,Chelsea,38,125,43,14,3.289473684210526,1.131578947368421,0.3684210526315789,0.7440476190476191,0.7440476190476191
1997-1998,Coventry City,38,148,44,13,3.8947368421052633,1.1578947368421053,0.34210526315789475,0.7708333333333334,0.7708333333333334
1997-1998,Derby County,38,89,49,13,2.3421052631578947,1.2894736842105263,0.34210526315789475,0.644927536231884,0.644927536231884
1997-1998,Southampton,38,139,55,8,3.6578947368421053,1.4473684210526316,0.21052631578947367,0.7164948453608248,0.7164948453608248
1997-1998,Barnsley,38,202,82,5,5.315789473684211,2.1578947368421053,0.13157894736842105,0.7112676056338029,0.7112676056338029
1997-1998,Arsenal,38,101,33,19,2.6578947368421053,0.868421052631579,0.5,0.753731343283582,0.753731343283582
1997-1998,Crystal Palace,38,179,71,6,4.7105263157894735,1.868421052631579,0.15789473684210525,0.716,0.716
1997-1998,Wimbledon,38,136,46,13,3.5789473684210527,1.2105263157894737,0.34210526315789475,0.7472527472527473,0.7472527472527473
1998-1999,Leicester City,38,152,46,14,4.0,1.2105263157894737,0.3684210526315789,0.7676767676767676,0.7676767676767676
1998-1999,Tottenham,38,129,50,12,3.3947368421052633,1.3157894736842106,0.3157894736842105,0.7206703910614525,0.7206703910614525
1998-1999,Nott'ham Forest,38,156,69,6,4.105263157894737,1.8157894736842106,0.15789473684210525,0.6933333333333334,0.6933333333333334
1998-1999,Middlesbrough,38,204,54,13,5.368421052631579,1.4210526315789473,0.34210526315789475,0.7906976744186046,0.7906976744186046
1998-1999,Aston Villa,38,158,46,15,4.157894736842105,1.2105263157894737,0.39473684210526316,0.7745098039215687,0.7745098039215687
1998-1999,Manchester Utd,38,109,37,13,2.8684210526315788,0.9736842105263158,0.34210526315789475,0.7465753424657534,0.7465753424657534
1998-1999,Blackburn,38,137,52,10,3.6052631578947367,1.368421052631579,0.2631578947368421,0.7248677248677249,0.7248677248677249
1998-1999,West Ham,38,203,53,16,5.342105263157895,1.394736842105263,0.42105263157894735,0.79296875,0.79296875
1998-1999,Liverpool,38,132,49,8,3.473684210526316,1.2894736842105263,0.21052631578947367,0.7292817679558011,0.7292817679558011
1998-1999,Newcastle Utd,38,107,54,5,2.8157894736842106,1.4210526315789473,0.13157894736842105,0.6645962732919255,0.6645962732919255
1998-1999,Chelsea,38,106,30,15,2.789473684210526,0.7894736842105263,0.39473684210526316,0.7794117647058824,0.7794117647058824
1998-1999,Coventry City,38,151,51,7,3.973684210526316,1.3421052631578947,0.18421052631578946,0.7475247524752475,0.7475247524752475
1998-1999,Derby County,38,148,45,12,3.8947368421052633,1.1842105263157894,0.3157894736842105,0.7668393782383419,0.7668393782383419
1998-1999,Charlton Ath,38,122,56,11,3.210526315789474,1.4736842105263157,0.2894736842105263,0.6853932584269663,0.6853932584269663
1998-1999,Southampton,38,143,64,9,3.763157894736842,1.6842105263157894,0.23684210526315788,0.6908212560386473,0.6908212560386473
1998-1999,Arsenal,38,107,17,23,2.8157894736842106,0.4473684210526316,0.6052631578947368,0.8629032258064516,0.8629032258064516
1998-1999,Leeds United,38,173,34,15,4.552631578947368,0.8947368421052632,0.39473684210526316,0.8357487922705314,0.8357487922705314
1998-1999,Everton,38,130,47,14,3.4210526315789473,1.236842105263158,0.3684210526315789,0.7344632768361582,0.7344632768361582
1998-1999,Sheffield Weds,38,150,42,12,3.9473684210526314,1.105263157894737,0.3157894736842105,0.78125,0.78125
1998-1999,Wimbledon,38,195,63,7,5.131578947368421,1.6578947368421053,0.18421052631578946,0.7558139534883721,0.7558139534883721
1999-2000,Leicester City,38,124,55,7,3.263157894736842,1.4473684210526316,0.18421052631578946,0.6927374301675978,0.6927374301675978
1999-2000,Middlesbrough,38,185,49,9,4.868421052631579,1.2894736842105263,0.23684210526315788,0.7905982905982906,0.7905982905982906
1999-2000,Manchester Utd,38,111,45,10,2.9210526315789473,1.1842105263157894,0.2631578947368421,0.7115384615384616,0.7115384615384616
1999-2000,West Ham,38,140,53,10,3.6842105263157894,1.394736842105263,0.2631578947368421,0.7253886010362695,0.7253886010362695
1999-2000,Watford,38,143,77,5,3.763157894736842,2.026315789473684,0.13157894736842105,0.65,0.65
1999-2000,Bradford City,38,172,68,7,4.526315789473684,1.7894736842105263,0.18421052631578946,0.7166666666666667,0.7166666666666667
1999-2000,Chelsea,38,98,34,17,2.5789473684210527,0.8947368421052632,0.4473684210526316,0.7424242424242424,0.7424242424242424
1999-2000,Aston Villa,38,100,35,15,2.6315789473684212,0.9210526315789473,0.39473684210526316,0.7407407407407407,0.7407407407407407
1999-2000,Liverpool,38,99,30,15,2.6052631578947367,0.7894736842105263,0.39473684210526316,0.7674418604651163,0.7674418604651163
1999-2000,Everton,38,157,49,11,4.131578947368421,1.2894736842105263,0.2894736842105263,0.7621359223300971,0.7621359223300971
1999-2000,Newcastle Utd,38,96,54,11,2.526315789473684,1.4210526315789473,0.2894736842105263,0.64,0.64
1999-2000,Wimbledon,38,182,74,5,4.7894736842105265,1.9473684210526316,0.13157894736842105,0.7109375,0.7109375
1999-2000,Coventry City,38,159,54,9,4.184210526315789,1.4210526315789473,0.23684210526315788,0.7464788732394366,0.7464788732394366
1999-2000,Derby County,38,139,57,11,3.6578947368421053,1.5,0.2894736842105263,0.7091836734693877,0.7091836734693877
1999-2000,Southampton,38,150,62,11,3.9473684210526314,1.631578947368421,0.2894736842105263,0.7075471698113207,0.7075471698113207
1999-2000,Arsenal,38,83,43,10,2.1842105263157894,1.131578947368421,0.2631578947368421,0.6587301587301587,0.6587301587301587
1999-2000,Sunderland,38,135,56,9,3.5526315789473686,1.4736842105263157,0.23684210526315788,0.7068062827225131,0.7068062827225131
1999-2000,Leeds United,38,146,43,13,3.8421052631578947,1.131578947368421,0.34210526315789475,0.7724867724867724,0.7724867724867724
1999-2000,Sheffield Weds,38,162,70,7,4.2631578947368425,1.8421052631578947,0.18421052631578946,0.6982758620689655,0.6982758620689655
1999-2000,Tottenham,38,114,49,8,3.0,1.2894736842105263,0.21052631578947367,0.6993865030674846,0.6993865030674846
2000-2001,Manchester Utd,38,109.0,31,16,2.8684210526315788,0.8157894736842105,0.42105263157894735,0.7785714285714286,0.7785714285714286
2000-2001,Middlesbrough,38,nan,45,7,nan,1.1842105263157894,0.18421052631578946,0,0
2000-2001,Ipswich Town,38,115.0,42,13,3.026315789473684,1.105263157894737,0.34210526315789475,0.732484076433121,0.732484076433121
2000-2001,West Ham,38,132.0,48,8,3.473684210526316,1.263157894736842,0.21052631578947367,0.7333333333333333,0.7333333333333333
2000-2001,Charlton Ath,38,137.0,58,14,3.6052631578947367,1.5263157894736843,0.3684210526315789,0.7025641025641025,0.7025641025641025
2000-2001,Bradford City,38,188.0,70,6,4.947368421052632,1.8421052631578947,0.15789473684210525,0.7286821705426356,0.7372549019607844
2000-2001,Chelsea,38,105.0,45,10,2.763157894736842,1.1842105263157894,0.2631578947368421,0.7,0.7
2000-2001,Leicester City,38,151.0,51,11,3.973684210526316,1.3421052631578947,0.2894736842105263,0.7475247524752475,0.7475247524752475
2000-2001,Everton,38,113.0,59,7,2.973684210526316,1.5526315789473684,0.18421052631578946,0.6569767441860465,0.6569767441860465
2000-2001,Newcastle Utd,38,129.0,50,7,3.3947368421052633,1.3157894736842106,0.18421052631578946,0.7206703910614525,0.7206703910614525
2000-2001,Coventry City,38,157.0,63,6,4.131578947368421,1.6578947368421053,0.15789473684210525,0.7136363636363636,0.7136363636363636
2000-2001,Aston Villa,38,123.0,43,9,3.236842105263158,1.131578947368421,0.23684210526315788,0.7409638554216867,0.7409638554216867
2000-2001,Southampton,38,134.0,48,14,3.526315789473684,1.263157894736842,0.3684210526315789,0.7362637362637363,0.7362637362637363
2000-2001,Arsenal,38,95.0,38,17,2.5,1.0,0.4473684210526316,0.7142857142857143,0.7142857142857143
2000-2001,Sunderland,38,135.0,41,13,3.5526315789473686,1.0789473684210527,0.34210526315789475,0.7670454545454546,0.7670454545454546
2000-2001,Leeds United,38,119.0,43,11,3.1315789473684212,1.131578947368421,0.2894736842105263,0.7345679012345679,0.7345679012345679
2000-2001,Manchester City,38,139.0,65,7,3.6578947368421053,1.7105263157894737,0.18421052631578946,0.6813725490196079,0.6813725490196079
2000-2001,Derby County,38,158.0,61,13,4.157894736842105,1.605263157894737,0.34210526315789475,0.7214611872146118,0.7214611872146118
2000-2001,Tottenham,38,155.0,53,11,4.078947368421052,1.394736842105263,0.2894736842105263,0.7451923076923077,0.7451923076923077
2000-2001,Liverpool,38,126.0,39,14,3.3157894736842106,1.0263157894736843,0.3684210526315789,0.7636363636363637,0.7636363636363637
2002-2003,Everton,38,124,49,11,3.263157894736842,1.2894736842105263,0.2894736842105263,0.7167630057803468,0.7167630057803468
2002-2003,Manchester Utd,38,88,34,13,2.3157894736842106,0.8947368421052632,0.34210526315789475,0.7213114754098361,0.7213114754098361
2002-2003,Birmingham City,38,122,49,9,3.210526315789474,1.2894736842105263,0.23684210526315788,0.7134502923976608,0.7134502923976608
2002-2003,Chelsea,38,118,38,13,3.1052631578947367,1.0,0.34210526315789475,0.7564102564102564,0.7564102564102564
2002-2003,Fulham,38,147,50,11,3.8684210526315788,1.3157894736842106,0.2894736842105263,0.7461928934010152,0.7461928934010152
2002-2003,Liverpool,38,105,41,14,2.763157894736842,1.0789473684210527,0.3684210526315789,0.7191780821917808,0.7191780821917808
2002-2003,Aston Villa,38,129,47,9,3.3947368421052633,1.236842105263158,0.23684210526315788,0.7329545454545454,0.7329545454545454
2002-2003,Blackburn,38,164,43,15,4.315789473684211,1.131578947368421,0.39473684210526316,0.7922705314009661,0.7922705314009661
2002-2003,Newcastle Utd,38,131,48,14,3.4473684210526314,1.263157894736842,0.3684210526315789,0.7318435754189944,0.7318435754189944
2002-2003,West Brom,38,143,65,6,3.763157894736842,1.7105263157894737,0.15789473684210525,0.6875,0.6875
2002-2003,Bolton,38,138,51,10,3.6315789473684212,1.3421052631578947,0.2631578947368421,0.7301587301587301,0.7301587301587301
2002-2003,West Ham,38,139,59,9,3.6578947368421053,1.5526315789473684,0.23684210526315788,0.702020202020202,0.702020202020202
2002-2003,Southampton,38,151,46,13,3.973684210526316,1.2105263157894737,0.34210526315789475,0.766497461928934,0.766497461928934
2002-2003,Tottenham,38,148,62,5,3.8947368421052633,1.631578947368421,0.13157894736842105,0.7047619047619048,0.7047619047619048
2002-2003,Charlton Ath,38,134,56,8,3.526315789473684,1.4736842105263157,0.21052631578947367,0.7052631578947368,0.7052631578947368
2002-2003,Sunderland,38,145,65,6,3.8157894736842106,1.7105263157894737,0.15789473684210525,0.6904761904761905,0.6904761904761905
2002-2003,Manchester City,38,130,54,10,3.4210526315789473,1.4210526315789473,0.2631578947368421,0.7065217391304348,0.7065217391304348
2002-2003,Leeds United,38,131,57,10,3.4473684210526314,1.5,0.2631578947368421,0.6968085106382979,0.6968085106382979
2002-2003,Middlesbrough,38,140,44,10,3.6842105263157894,1.1578947368421053,0.2631578947368421,0.7608695652173914,0.7608695652173914
2002-2003,Arsenal,38,105,42,10,2.763157894736842,1.105263157894737,0.2631578947368421,0.7142857142857143,0.7142857142857143
2003-2004,Chelsea,38,95,30,21,2.5,0.7894736842105263,0.5526315789473685,0.76,0.76
2003-2004,Birmingham City,38,135,48,15,3.5526315789473686,1.263157894736842,0.39473684210526316,0.7377049180327869,0.7377049180327869
2003-2004,Southampton,38,173,45,12,4.552631578947368,1.1842105263157894,0.3157894736842105,0.7935779816513762,0.7688888888888888
2003-2004,Manchester Utd,38,128,35,14,3.3684210526315788,0.9210526315789473,0.3684210526315789,0.7852760736196319,0.7852760736196319
2003-2004,Leeds United,38,136,79,3,3.5789473684210527,2.0789473684210527,0.07894736842105263,0.6325581395348837,0.6325581395348837
2003-2004,Leicester City,38,145,65,9,3.8157894736842106,1.7105263157894737,0.23684210526315788,0.6904761904761905,0.6904761904761905
2003-2004,Fulham,38,161,46,15,4.2368421052631575,1.2105263157894737,0.39473684210526316,0.7777777777777778,0.7777777777777778
2003-2004,Liverpool,38,112,37,13,2.9473684210526314,0.9736842105263158,0.34210526315789475,0.7516778523489933,0.7466666666666667
2003-2004,Blackburn,38,142,59,9,3.736842105263158,1.5526315789473684,0.23684210526315788,0.7064676616915423,0.7064676616915423
2003-2004,Newcastle Utd,38,131,40,11,3.4473684210526314,1.0526315789473684,0.2894736842105263,0.7660818713450293,0.7660818713450293
2003-2004,Portsmouth,38,138,54,8,3.6315789473684212,1.4210526315789473,0.21052631578947367,0.71875,0.71875
2003-2004,Bolton,38,126,56,10,3.3157894736842106,1.4736842105263157,0.2631578947368421,0.6923076923076923,0.6923076923076923
2003-2004,Manchester City,38,130,54,7,3.4210526315789473,1.4210526315789473,0.18421052631578946,0.7065217391304348,0.7065217391304348
2003-2004,Middlesbrough,38,130,52,14,3.4210526315789473,1.368421052631579,0.3684210526315789,0.7142857142857143,0.7142857142857143
2003-2004,Wolves,38,156,77,7,4.105263157894737,2.026315789473684,0.18421052631578946,0.6695278969957081,0.6902654867256637
2003-2004,Tottenham,38,141,57,8,3.710526315789474,1.5,0.21052631578947367,0.7121212121212122,0.7121212121212122
2003-2004,Charlton Ath,38,154,51,10,4.052631578947368,1.3421052631578947,0.2631578947368421,0.751219512195122,0.751219512195122
2003-2004,Arsenal,38,88,26,15,2.3157894736842106,0.6842105263157895,0.39473684210526316,0.7719298245614035,0.7719298245614035
2003-2004,Everton,38,133,57,10,3.5,1.5,0.2631578947368421,0.7,0.7
2003-2004,Aston Villa,38,129,44,12,3.3947368421052633,1.1578947368421053,0.3157894736842105,0.7456647398843931,0.7456647398843931
2004-2005,Arsenal,38,110,36,16,2.8947368421052633,0.9473684210526315,0.42105263157894735,0.7534246575342466,0.7534246575342466
2004-2005,Charlton Ath,38,174,58,12,4.578947368421052,1.5263157894736843,0.3157894736842105,0.75,0.75
2004-2005,Portsmouth,38,207,59,5,5.447368421052632,1.5526315789473684,0.13157894736842105,0.7781954887218046,0.7781954887218046
2004-2005,Southampton,38,102,68,3,2.6842105263157894,1.7894736842105263,0.07894736842105263,0.6,0.6
2004-2005,Manchester Utd,38,80,26,19,2.1052631578947367,0.6842105263157895,0.5,0.7547169811320755,0.7547169811320755
2004-2005,Liverpool,38,130,41,7,3.4210526315789473,1.0789473684210527,0.18421052631578946,0.7602339181286549,0.7602339181286549
2004-2005,Chelsea,38,97,15,25,2.5526315789473686,0.39473684210526316,0.6578947368421053,0.8660714285714286,0.8660714285714286
2004-2005,Tottenham,38,176,41,13,4.631578947368421,1.0789473684210527,0.34210526315789475,0.8110599078341014,0.8110599078341014
2004-2005,Fulham,38,198,60,8,5.2105263157894735,1.5789473684210527,0.21052631578947367,0.7674418604651163,0.7674418604651163
2004-2005,Blackburn,38,184,43,15,4.842105263157895,1.131578947368421,0.39473684210526316,0.8105726872246696,0.8105726872246696
2004-2005,Newcastle Utd,38,179,57,6,4.7105263157894735,1.5,0.15789473684210525,0.7584745762711864,0.7584745762711864
2004-2005,Norwich City,38,214,77,6,5.631578947368421,2.026315789473684,0.15789473684210525,0.7353951890034365,0.7353951890034365
2004-2005,West Brom,38,186,61,8,4.894736842105263,1.605263157894737,0.21052631578947367,0.7530364372469636,0.7530364372469636
2004-2005,Bolton,38,135,44,8,3.5526315789473686,1.1578947368421053,0.21052631578947367,0.7541899441340782,0.7541899441340782
2004-2005,Manchester City,38,156,39,11,4.105263157894737,1.0263157894736843,0.2894736842105263,0.8,0.8
2004-2005,Middlesbrough,38,167,46,11,4.394736842105263,1.2105263157894737,0.2894736842105263,0.784037558685446,0.784037558685446
2004-2005,Crystal Palace,38,229,62,10,6.026315789473684,1.631578947368421,0.2631578947368421,0.7869415807560137,0.7869415807560137
2004-2005,Everton,38,148,46,13,3.8947368421052633,1.2105263157894737,0.34210526315789475,0.7628865979381443,0.7628865979381443
2004-2005,Aston Villa,38,184,52,11,4.842105263157895,1.368421052631579,0.2894736842105263,0.7796610169491526,0.7796610169491526
2004-2005,Birmingham City,38,166,46,9,4.368421052631579,1.2105263157894737,0.23684210526315788,0.7830188679245284,0.7830188679245284
2005-2006,Sunderland,38,208.0,69,4,5.473684210526316,1.8157894736842106,0.10526315789473684,0.7509025270758123,0.7509025270758123
2005-2006,Charlton Ath,38,176.0,55,13,4.631578947368421,1.4473684210526316,0.34210526315789475,0.7619047619047619,0.7719298245614035
2005-2006,Portsmouth,38,148.0,60,5,3.8947368421052633,1.5789473684210527,0.13157894736842105,0.7115384615384616,0.6948356807511737
2005-2006,West Ham,38,164.0,55,9,4.315789473684211,1.4473684210526316,0.23684210526315788,0.7488584474885844,0.7488584474885844
2005-2006,Chelsea,38,132.0,22,20,3.473684210526316,0.5789473684210527,0.5263157894736842,0.8571428571428571,0.8571428571428571
2005-2006,Fulham,38,168.0,58,10,4.421052631578948,1.5263157894736843,0.2631578947368421,0.7433628318584071,0.7433628318584071
2005-2006,Manchester Utd,38,153.0,34,18,4.026315789473684,0.8947368421052632,0.47368421052631576,0.8181818181818182,0.8181818181818182
2005-2006,Liverpool,38,138.0,25,22,3.6315789473684212,0.6578947368421053,0.5789473684210527,0.8466257668711656,0.8466257668711656
2005-2006,Wigan Athletic,38,149.0,52,10,3.9210526315789473,1.368421052631579,0.2631578947368421,0.7412935323383084,0.7412935323383084
2005-2006,Blackburn,38,143.0,42,16,3.763157894736842,1.105263157894737,0.42105263157894735,0.772972972972973,0.772972972972973
2005-2006,Newcastle Utd,38,133.0,42,13,3.5,1.105263157894737,0.34210526315789475,0.76,0.76
2005-2006,Bolton,38,147.0,41,15,3.8684210526315788,1.0789473684210527,0.39473684210526316,0.7819148936170213,0.7819148936170213
2005-2006,Manchester City,38,158.0,48,6,4.157894736842105,1.263157894736842,0.15789473684210525,0.7669902912621359,0.7669902912621359
2005-2006,Middlesbrough,38,164.0,58,10,4.315789473684211,1.5263157894736843,0.2631578947368421,0.7387387387387387,0.7387387387387387
2005-2006,West Brom,38,189.0,56,10,4.973684210526316,1.4736842105263157,0.2631578947368421,0.7714285714285715,0.7714285714285715
2005-2006,Arsenal,38,138.0,31,16,3.6315789473684212,0.8157894736842105,0.42105263157894735,0.8165680473372781,0.8165680473372781
2005-2006,Everton,38,nan,49,13,nan,1.2894736842105263,0.34210526315789475,0,0
2005-2006,Tottenham,38,127.0,38,13,3.3421052631578947,1.0,0.34210526315789475,0.7696969696969697,0.7696969696969697
2005-2006,Aston Villa,38,196.0,55,11,5.157894736842105,1.4473684210526316,0.2894736842105263,0.7808764940239044,0.7808764940239044
2005-2006,Birmingham City,38,172.0,50,10,4.526315789473684,1.3157894736842106,0.2631578947368421,0.7747747747747747,0.7747747747747747
2007-2008,Arsenal,38,124,31,15,3.263157894736842,0.8157894736842105,0.39473684210526316,0.8,0.8
2007-2008,Portsmouth,38,165,40,16,4.342105263157895,1.0526315789473684,0.42105263157894735,0.8048780487804879,0.8048780487804879
2007-2008,Derby County,38,174,89,3,4.578947368421052,2.3421052631578947,0.07894736842105263,0.6615969581749049,0.6615969581749049
2007-2008,Aston Villa,38,119,51,9,3.1315789473684212,1.3421052631578947,0.23684210526315788,0.7,0.7
2007-2008,Chelsea,38,116,26,21,3.0526315789473686,0.6842105263157895,0.5526315789473685,0.8169014084507042,0.8169014084507042
2007-2008,Tottenham,38,145,61,9,3.8157894736842106,1.605263157894737,0.23684210526315788,0.7038834951456311,0.7038834951456311
2007-2008,Manchester Utd,38,128,22,21,3.3684210526315788,0.5789473684210527,0.5526315789473685,0.8533333333333334,0.8533333333333334
2007-2008,Birmingham City,38,204,62,3,5.368421052631579,1.631578947368421,0.07894736842105263,0.7669172932330827,0.7669172932330827
2007-2008,Blackburn,38,153,48,8,4.026315789473684,1.263157894736842,0.21052631578947367,0.7611940298507462,0.7611940298507462
2007-2008,Sunderland,38,123,59,7,3.236842105263158,1.5526315789473684,0.18421052631578946,0.6758241758241759,0.6758241758241759
2007-2008,Newcastle Utd,38,191,65,8,5.026315789473684,1.7105263157894737,0.21052631578947367,0.74609375,0.74609375
2007-2008,West Ham,38,139,50,8,3.6578947368421053,1.3157894736842106,0.21052631578947367,0.7354497354497355,0.7354497354497355
2007-2008,Bolton,38,153,54,12,4.026315789473684,1.4210526315789473,0.3157894736842105,0.7391304347826086,0.7391304347826086
2007-2008,Reading,38,188,66,8,4.947368421052632,1.736842105263158,0.21052631578947367,0.7401574803149606,0.7401574803149606
2007-2008,Manchester City,38,168,53,11,4.421052631578948,1.394736842105263,0.2894736842105263,0.7601809954751131,0.7601809954751131
2007-2008,Everton,38,143,33,14,3.763157894736842,0.868421052631579,0.3684210526315789,0.8125,0.8125
2007-2008,Middlesbrough,38,131,53,8,3.4473684210526314,1.394736842105263,0.21052631578947367,0.7119565217391305,0.7119565217391305
2007-2008,Fulham,38,170,60,7,4.473684210526316,1.5789473684210527,0.18421052631578946,0.7391304347826086,0.7391304347826086
2007-2008,Wigan Athletic,38,146,51,12,3.8421052631578947,1.3421052631578947,0.3157894736842105,0.7411167512690355,0.7411167512690355
2007-2008,Liverpool,38,110,28,18,2.8947368421052633,0.7368421052631579,0.47368421052631576,0.7971014492753623,0.7971014492753623
2008-2009,Arsenal,38,112,37,14,2.9473684210526314,0.9736842105263158,0.3684210526315789,0.7516778523489933,0.7516778523489933
2008-2009,Portsmouth,38,155,57,8,4.078947368421052,1.5,0.21052631578947367,0.7311320754716981,0.7311320754716981
2008-2009,Blackburn,38,117,60,10,3.0789473684210527,1.5789473684210527,0.2631578947368421,0.6610169491525424,0.6610169491525424
2008-2009,West Brom,38,160,67,8,4.2105263157894735,1.763157894736842,0.21052631578947367,0.7048458149779736,0.7048458149779736
2008-2009,Chelsea,38,120,24,22,3.1578947368421053,0.631578947368421,0.5789473684210527,0.8333333333333334,0.8333333333333334
2008-2009,Tottenham,38,158,45,13,4.157894736842105,1.1842105263157894,0.34210526315789475,0.7783251231527094,0.7783251231527094
2008-2009,Manchester Utd,38,114,24,24,3.0,0.631578947368421,0.631578947368421,0.8260869565217391,0.8260869565217391
2008-2009,Hull City,38,148,64,6,3.8947368421052633,1.6842105263157894,0.15789473684210525,0.6981132075471698,0.6981132075471698
2008-2009,Aston Villa,38,138,48,13,3.6315789473684212,1.263157894736842,0.34210526315789475,0.7419354838709677,0.7419354838709677
2008-2009,Sunderland,38,114,54,9,3.0,1.4210526315789473,0.23684210526315788,0.6785714285714286,0.6785714285714286
2008-2009,Manchester City,38,142,50,10,3.736842105263158,1.3157894736842106,0.2631578947368421,0.7395833333333334,0.7395833333333334
2008-2009,Newcastle Utd,38,151,59,7,3.973684210526316,1.5526315789473684,0.18421052631578946,0.719047619047619,0.719047619047619
2008-2009,West Ham,38,152,45,10,4.0,1.1842105263157894,0.2631578947368421,0.7715736040609137,0.7715736040609137
2008-2009,Everton,38,149,37,17,3.9210526315789473,0.9736842105263158,0.4473684210526316,0.8010752688172043,0.8010752688172043
2008-2009,Bolton,38,160,53,7,4.2105263157894735,1.394736842105263,0.18421052631578946,0.7511737089201878,0.7511737089201878
2008-2009,Middlesbrough,38,159,57,7,4.184210526315789,1.5,0.18421052631578946,0.7361111111111112,0.7361111111111112
2008-2009,Wigan Athletic,38,89,45,13,2.3421052631578947,1.1842105263157894,0.34210526315789475,0.664179104477612,0.664179104477612
2008-2009,Liverpool,38,95,27,20,2.5,0.7105263157894737,0.5263157894736842,0.7786885245901639,0.7786885245901639
2008-2009,Fulham,38,161,34,15,4.2368421052631575,0.8947368421052632,0.39473684210526316,0.8256410256410256,0.8256410256410256
2008-2009,Stoke City,38,136,55,12,3.5789473684210527,1.4473684210526316,0.3157894736842105,0.7120418848167539,0.7120418848167539
2009-2010,Arsenal,38,88,41,14,2.3157894736842106,1.0789473684210527,0.3684210526315789,0.6821705426356589,0.6821705426356589
2009-2010,Tottenham,38,137,41,13,3.6052631578947367,1.0789473684210527,0.34210526315789475,0.7696629213483146,0.7696629213483146
2009-2010,Portsmouth,38,145,66,7,3.8157894736842106,1.736842105263158,0.18421052631578946,0.6872037914691943,0.6872037914691943
2009-2010,Stoke City,38,144,48,14,3.789473684210526,1.263157894736842,0.3684210526315789,0.75,0.75
2009-2010,Blackburn,38,121,55,13,3.1842105263157894,1.4473684210526316,0.34210526315789475,0.6875,0.6875
2009-2010,Chelsea,38,81,32,18,2.1315789473684212,0.8421052631578947,0.47368421052631576,0.7168141592920354,0.7168141592920354
2009-2010,Manchester Utd,38,118,28,19,3.1052631578947367,0.7368421052631579,0.5,0.8082191780821918,0.8082191780821918
2009-2010,Hull City,38,161,75,7,4.2368421052631575,1.9736842105263157,0.18421052631578946,0.6822033898305084,0.6822033898305084
2009-2010,Aston Villa,38,147,39,15,3.8684210526315788,1.0263157894736843,0.39473684210526316,0.7903225806451613,0.7903225806451613
2009-2010,Manchester City,38,112,45,11,2.9473684210526314,1.1842105263157894,0.2894736842105263,0.7133757961783439,0.7133757961783439
2009-2010,Sunderland,38,143,56,7,3.763157894736842,1.4736842105263157,0.18421052631578946,0.7185929648241206,0.7185929648241206
2009-2010,West Ham,38,127,66,8,3.3421052631578947,1.736842105263158,0.21052631578947367,0.6580310880829016,0.6580310880829016
2009-2010,Wolves,38,169,56,8,4.447368421052632,1.4736842105263157,0.21052631578947367,0.7511111111111111,0.7511111111111111
2009-2010,Birmingham City,38,161,47,11,4.2368421052631575,1.236842105263158,0.2894736842105263,0.7740384615384616,0.7740384615384616
2009-2010,Everton,38,121,49,11,3.1842105263157894,1.2894736842105263,0.2894736842105263,0.711764705882353,0.711764705882353
2009-2010,Bolton,38,141,67,5,3.710526315789474,1.763157894736842,0.13157894736842105,0.6778846153846154,0.6778846153846154
2009-2010,Burnley,38,152,82,3,4.0,2.1578947368421053,0.07894736842105263,0.6495726495726496,0.6495726495726496
2009-2010,Wigan Athletic,38,127,79,8,3.3421052631578947,2.0789473684210527,0.21052631578947367,0.616504854368932,0.616504854368932
2009-2010,Liverpool,38,104,35,17,2.736842105263158,0.9210526315789473,0.4473684210526316,0.7482014388489209,0.7482014388489209
2009-2010,Fulham,38,130,46,12,3.4210526315789473,1.2105263157894737,0.3157894736842105,0.7386363636363636,0.7386363636363636
2010-2011,Arsenal,38,106,44,13,2.789473684210526,1.1578947368421053,0.34210526315789475,0.7066666666666667,0.7066666666666667
2010-2011,Stoke City,38,128,48,9,3.3684210526315788,1.263157894736842,0.23684210526315788,0.7272727272727273,0.7272727272727273
2010-2011,West Ham,38,173,70,5,4.552631578947368,1.8421052631578947,0.13157894736842105,0.7119341563786008,0.7119341563786008
2010-2011,Bolton,38,137,56,5,3.6052631578947367,1.4736842105263157,0.13157894736842105,0.7098445595854922,0.7098445595854922
2010-2011,Blackburn,38,135,59,8,3.5526315789473686,1.5526315789473684,0.21052631578947367,0.6958762886597938,0.6958762886597938
2010-2011,West Brom,38,111,71,2,2.9210526315789473,1.868421052631579,0.05263157894736842,0.6098901098901099,0.6098901098901099
2010-2011,Chelsea,38,115,33,15,3.026315789473684,0.868421052631579,0.39473684210526316,0.777027027027027,0.777027027027027
2010-2011,Tottenham,38,137,46,8,3.6052631578947367,1.2105263157894737,0.21052631578947367,0.7486338797814208,0.7486338797814208
2010-2011,Manchester Utd,38,102,37,15,2.6842105263157894,0.9736842105263158,0.39473684210526316,0.7338129496402878,0.7338129496402878
2010-2011,Birmingham City,38,199,58,9,5.2368421052631575,1.5263157894736843,0.23684210526315788,0.77431906614786,0.77431906614786
2010-2011,Aston Villa,38,130,59,7,3.4210526315789473,1.5526315789473684,0.18421052631578946,0.6878306878306878,0.6878306878306878
2010-2011,Blackpool,38,160,80,6,4.2105263157894735,2.1052631578947367,0.15789473684210525,0.6666666666666666,0.6666666666666666
2010-2011,Sunderland,38,150,56,13,3.9473684210526314,1.4736842105263157,0.34210526315789475,0.7281553398058253,0.7281553398058253
2010-2011,Wigan Athletic,38,135,61,7,3.5526315789473686,1.605263157894737,0.18421052631578946,0.6887755102040817,0.6887755102040817
2010-2011,Wolves,38,133,66,5,3.5,1.736842105263158,0.13157894736842105,0.6683417085427136,0.6683417085427136
2010-2011,Newcastle Utd,38,104,57,8,2.736842105263158,1.5,0.21052631578947367,0.6459627329192547,0.6459627329192547
2010-2011,Manchester City,38,120,33,18,3.1578947368421053,0.868421052631579,0.47368421052631576,0.7843137254901961,0.7843137254901961
2010-2011,Everton,38,108,45,9,2.8421052631578947,1.1842105263157894,0.23684210526315788,0.7058823529411765,0.7058823529411765
2010-2011,Liverpool,38,105,44,14,2.763157894736842,1.1578947368421053,0.3684210526315789,0.7046979865771812,0.7046979865771812
2010-2011,Fulham,38,128,43,14,3.3684210526315788,1.131578947368421,0.3684210526315789,0.7485380116959064,0.7485380116959064
2011-2012,Manchester Utd,38,126,33,20,3.3157894736842106,0.868421052631579,0.5263157894736842,0.7924528301886793,0.7924528301886793
2011-2012,Stoke City,38,124,53,9,3.263157894736842,1.394736842105263,0.23684210526315788,0.7005649717514124,0.7005649717514124
2011-2012,Bolton,38,156,77,3,4.105263157894737,2.026315789473684,0.07894736842105263,0.6695278969957081,0.6695278969957081
2011-2012,Blackburn,38,112,78,3,2.9473684210526314,2.0526315789473686,0.07894736842105263,0.5894736842105263,0.5894736842105263
2011-2012,Chelsea,38,115,46,10,3.026315789473684,1.2105263157894737,0.2631578947368421,0.7142857142857143,0.7142857142857143
2011-2012,QPR,38,141,66,7,3.710526315789474,1.736842105263158,0.18421052631578946,0.6811594202898551,0.6811594202898551
2011-2012,Liverpool,38,97,40,12,2.5526315789473686,1.0526315789473684,0.3157894736842105,0.708029197080292,0.708029197080292
2011-2012,West Brom,38,119,52,10,3.1315789473684212,1.368421052631579,0.2631578947368421,0.695906432748538,0.695906432748538
2011-2012,Tottenham,38,122,41,14,3.210526315789474,1.0789473684210527,0.3684210526315789,0.7484662576687117,0.7484662576687117
2011-2012,Aston Villa,38,132,53,9,3.473684210526316,1.394736842105263,0.23684210526315788,0.7135135135135136,0.7135135135135136
2011-2012,Sunderland,38,124,46,12,3.263157894736842,1.2105263157894737,0.3157894736842105,0.7294117647058823,0.7294117647058823
2011-2012,Wigan Athletic,38,138,62,8,3.6315789473684212,1.631578947368421,0.21052631578947367,0.69,0.69
2011-2012,Manchester City,38,104,29,17,2.736842105263158,0.7631578947368421,0.4473684210526316,0.7819548872180451,0.7819548872180451
2011-2012,Wolves,38,189,82,4,4.973684210526316,2.1578947368421053,0.10526315789473684,0.6974169741697417,0.6974169741697417
2011-2012,Everton,38,98,40,12,2.5789473684210527,1.0526315789473684,0.3157894736842105,0.7101449275362319,0.7101449275362319
2011-2012,Newcastle Utd,38,125,51,15,3.289473684210526,1.3421052631578947,0.39473684210526316,0.7102272727272727,0.7102272727272727
2011-2012,Norwich City,38,162,66,3,4.2631578947368425,1.736842105263158,0.07894736842105263,0.7105263157894737,0.7105263157894737
2011-2012,Fulham,38,149,51,11,3.9210526315789473,1.3421052631578947,0.2894736842105263,0.745,0.745
2011-2012,Arsenal,38,86,49,13,2.263157894736842,1.2894736842105263,0.34210526315789475,0.6370370370370371,0.6370370370370371
2011-2012,Swansea City,38,147,51,14,3.8684210526315788,1.3421052631578947,0.3684210526315789,0.7424242424242424,0.7424242424242424
2012-2013,Stoke City,38,109,45,12,2.8684210526315788,1.1842105263157894,0.3157894736842105,0.7077922077922078,0.7077922077922078
2012-2013,Southampton,38,102,60,7,2.6842105263157894,1.5789473684210527,0.18421052631578946,0.6296296296296297,0.6296296296296297
2012-2013,Norwich City,38,118,58,10,3.1052631578947367,1.5263157894736843,0.2631578947368421,0.6704545454545454,0.6704545454545454
2012-2013,Chelsea,38,123,39,14,3.236842105263158,1.0263157894736843,0.3684210526315789,0.7592592592592593,0.7592592592592593
2012-2013,QPR,38,132,60,7,3.473684210526316,1.5789473684210527,0.18421052631578946,0.6875,0.6875
2012-2013,Newcastle Utd,38,121,68,6,3.1842105263157894,1.7894736842105263,0.15789473684210525,0.6402116402116402,0.6402116402116402
2012-2013,Arsenal,38,105,37,14,2.763157894736842,0.9736842105263158,0.3684210526315789,0.7394366197183099,0.7394366197183099
2012-2013,Reading,38,163,73,5,4.2894736842105265,1.9210526315789473,0.13157894736842105,0.690677966101695,0.690677966101695
2012-2013,West Brom,38,120,57,8,3.1578947368421053,1.5,0.21052631578947367,0.6779661016949152,0.6779661016949152
2012-2013,Tottenham,38,81,46,9,2.1315789473684212,1.2105263157894737,0.23684210526315788,0.6377952755905512,0.6377952755905512
2012-2013,Manchester Utd,38,109,43,13,2.8684210526315788,1.131578947368421,0.34210526315789475,0.7171052631578947,0.7171052631578947
2012-2013,Aston Villa,38,124,69,5,3.263157894736842,1.8157894736842106,0.13157894736842105,0.6424870466321243,0.6424870466321243
2012-2013,Wigan Athletic,38,115,73,5,3.026315789473684,1.9210526315789473,0.13157894736842105,0.6117021276595744,0.6117021276595744
2012-2013,Manchester City,38,78,34,18,2.0526315789473686,0.8947368421052632,0.47368421052631576,0.6964285714285714,0.6964285714285714
2012-2013,Everton,38,103,40,11,2.710526315789474,1.0526315789473684,0.2894736842105263,0.7202797202797203,0.7202797202797203
2012-2013,West Ham,38,162,53,11,4.2631578947368425,1.394736842105263,0.2894736842105263,0.7534883720930232,0.7534883720930232
2012-2013,Liverpool,38,92,43,16,2.4210526315789473,1.131578947368421,0.42105263157894735,0.6814814814814815,0.6814814814814815
2012-2013,Sunderland,38,146,54,11,3.8421052631578947,1.4210526315789473,0.2894736842105263,0.73,0.73
2012-2013,Fulham,38,138,60,8,3.6315789473684212,1.5789473684210527,0.21052631578947367,0.696969696969697,0.696969696969697
2012-2013,Swansea City,38,150,51,10,3.9473684210526314,1.3421052631578947,0.2631578947368421,0.746268656716418,0.746268656716418
2013-2014,West Ham,38,142.0,51,14,3.736842105263158,1.3421052631578947,0.3684210526315789,0.7357512953367875,0.7357512953367875
2013-2014,Stoke City,38,121.0,52,9,3.1842105263157894,1.368421052631579,0.23684210526315788,0.6994219653179191,0.6994219653179191
2013-2014,Southampton,38,86.0,46,15,2.263157894736842,1.2105263157894737,0.39473684210526316,0.6515151515151515,0.6515151515151515
2013-2014,Chelsea,38,94.0,27,18,2.473684210526316,0.7105263157894737,0.47368421052631576,0.7768595041322314,0.7768595041322314
2013-2014,West Brom,38,115.0,59,6,3.026315789473684,1.5526315789473684,0.15789473684210525,0.6609195402298851,0.6609195402298851
2013-2014,Newcastle Utd,38,111.0,59,10,2.9210526315789473,1.5526315789473684,0.2631578947368421,0.6529411764705882,0.6529411764705882
2013-2014,Arsenal,38,nan,41,17,nan,1.0789473684210527,0.4473684210526316,0,0
2013-2014,Tottenham,38,101.0,51,14,2.6578947368421053,1.3421052631578947,0.3684210526315789,0.6644736842105263,0.6644736842105263
2013-2014,Manchester Utd,38,100.0,43,13,2.6315789473684212,1.131578947368421,0.34210526315789475,0.6993006993006993,0.6993006993006993
2013-2014,Aston Villa,38,113.0,61,9,2.973684210526316,1.605263157894737,0.23684210526315788,0.6494252873563219,0.6494252873563219
2013-2014,Hull City,38,111.0,53,10,2.9210526315789473,1.394736842105263,0.2631578947368421,0.676829268292683,0.676829268292683
2013-2014,Manchester City,38,89.0,37,16,2.3421052631578947,0.9736842105263158,0.42105263157894735,0.7063492063492064,0.7063492063492064
2013-2014,Crystal Palace,38,121.0,48,12,3.1842105263157894,1.263157894736842,0.3157894736842105,0.7159763313609467,0.7159763313609467
2013-2014,Everton,38,109.0,39,15,2.8684210526315788,1.0263157894736843,0.39473684210526316,0.7364864864864865,0.7364864864864865
2013-2014,Cardiff City,38,146.0,74,7,3.8421052631578947,1.9473684210526316,0.18421052631578946,0.6636363636363637,0.6636363636363637
2013-2014,Sunderland,38,157.0,60,11,4.131578947368421,1.5789473684210527,0.2894736842105263,0.7235023041474654,0.7235023041474654
2013-2014,Liverpool,38,102.0,50,10,2.6842105263157894,1.3157894736842106,0.2631578947368421,0.6710526315789473,0.6710526315789473
2013-2014,Norwich City,38,127.0,62,12,3.3421052631578947,1.631578947368421,0.3157894736842105,0.671957671957672,0.671957671957672
2013-2014,Fulham,38,156.0,85,4,4.105263157894737,2.236842105263158,0.10526315789473684,0.6473029045643154,0.6473029045643154
2013-2014,Swansea City,38,101.0,54,8,2.6578947368421053,1.4210526315789473,0.21052631578947367,0.6516129032258065,0.6516129032258065
2014-2015,West Ham,38,127,47,9,3.3421052631578947,1.236842105263158,0.23684210526315788,0.7298850574712644,0.7298850574712644
2014-2015,Newcastle Utd,38,98,63,8,2.5789473684210527,1.6578947368421053,0.21052631578947367,0.6086956521739131,0.6086956521739131
2014-2015,Stoke City,38,94,45,9,2.473684210526316,1.1842105263157894,0.23684210526315788,0.6762589928057554,0.6762589928057554
2014-2015,Manchester City,38,90,38,14,2.3684210526315788,1.0,0.3684210526315789,0.703125,0.703125
2014-2015,Chelsea,38,89,32,17,2.3421052631578947,0.8421052631578947,0.4473684210526316,0.7355371900826446,0.7355371900826446
2014-2015,Southampton,38,76,33,15,2.0,0.868421052631579,0.39473684210526316,0.6972477064220184,0.6972477064220184
2014-2015,Swansea City,38,139,49,13,3.6578947368421053,1.2894736842105263,0.34210526315789475,0.7393617021276596,0.7393617021276596
2014-2015,West Brom,38,131,51,16,3.4473684210526314,1.3421052631578947,0.42105263157894735,0.7197802197802198,0.7197802197802198
2014-2015,Manchester Utd,38,97,37,11,2.5526315789473686,0.9736842105263158,0.2894736842105263,0.7238805970149254,0.7238805970149254
2014-2015,Aston Villa,38,111,57,10,2.9210526315789473,1.5,0.2631578947368421,0.6607142857142857,0.6607142857142857
2014-2015,QPR,38,136,73,6,3.5789473684210527,1.9210526315789473,0.15789473684210525,0.6507177033492823,0.6507177033492823
2014-2015,Leicester City,38,117,55,10,3.0789473684210527,1.4473684210526316,0.2631578947368421,0.6802325581395349,0.6802325581395349
2014-2015,Hull City,38,102,51,10,2.6842105263157894,1.3421052631578947,0.2631578947368421,0.6666666666666666,0.6666666666666666
2014-2015,Burnley,38,125,53,10,3.289473684210526,1.394736842105263,0.2631578947368421,0.702247191011236,0.702247191011236
2014-2015,Crystal Palace,38,93,51,7,2.4473684210526314,1.3421052631578947,0.18421052631578946,0.6458333333333334,0.6458333333333334
2014-2015,Everton,38,78,50,10,2.0526315789473686,1.3157894736842106,0.2631578947368421,0.609375,0.609375
2014-2015,Liverpool,38,91,48,14,2.3947368421052633,1.263157894736842,0.3684210526315789,0.6546762589928058,0.6546762589928058
2014-2015,Tottenham,38,117,53,9,3.0789473684210527,1.394736842105263,0.23684210526315788,0.6882352941176471,0.6882352941176471
2014-2015,Sunderland,38,138,53,13,3.6315789473684212,1.394736842105263,0.34210526315789475,0.7225130890052356,0.7225130890052356
2014-2015,Arsenal,38,92,36,13,2.4210526315789473,0.9473684210526315,0.34210526315789475,0.71875,0.71875
2015-2016,West Ham,38,111,51,11,2.9210526315789473,1.3421052631578947,0.2894736842105263,0.6851851851851852,0.6851851851851852
2015-2016,Bournemouth,38,85,67,7,2.236842105263158,1.763157894736842,0.18421052631578946,0.5592105263157895,0.5592105263157895
2015-2016,Watford,38,73,50,11,1.9210526315789473,1.3157894736842106,0.2894736842105263,0.5934959349593496,0.5934959349593496
2015-2016,Chelsea,38,119,53,9,3.1315789473684212,1.394736842105263,0.23684210526315788,0.6918604651162791,0.6918604651162791
2015-2016,Liverpool,38,80,50,0,2.1052631578947367,1.3157894736842106,0.0,0.6153846153846154,0.6153846153846154
2015-2016,Aston Villa,38,110,76,6,2.8947368421052633,2.0,0.15789473684210525,0.5913978494623656,0.5913978494623656
2015-2016,Stoke City,38,120,55,10,3.1578947368421053,1.4473684210526316,0.2631578947368421,0.6857142857142857,0.6857142857142857
2015-2016,Manchester City,38,84,41,16,2.210526315789474,1.0789473684210527,0.42105263157894735,0.672,0.672
2015-2016,Arsenal,38,112,36,18,2.9473684210526314,0.9473684210526315,0.47368421052631576,0.7567567567567568,0.7567567567567568
2015-2016,Newcastle Utd,38,113,65,8,2.973684210526316,1.7105263157894737,0.21052631578947367,0.6348314606741573,0.6348314606741573
2015-2016,Southampton,38,92,41,12,2.4210526315789473,1.0789473684210527,0.3157894736842105,0.6917293233082706,0.6917293233082706
2015-2016,Swansea City,38,113,52,9,2.973684210526316,1.368421052631579,0.23684210526315788,0.6848484848484848,0.6848484848484848
2015-2016,West Brom,38,107,48,11,2.8157894736842106,1.263157894736842,0.2894736842105263,0.6903225806451613,0.6903225806451613
2015-2016,Manchester Utd,38,85,35,18,2.236842105263158,0.9210526315789473,0.47368421052631576,0.7083333333333334,0.7083333333333334
2015-2016,Crystal Palace,38,117,51,8,3.0789473684210527,1.3421052631578947,0.21052631578947367,0.6964285714285714,0.6964285714285714
2015-2016,Everton,38,124,55,10,3.263157894736842,1.4473684210526316,0.2631578947368421,0.6927374301675978,0.6927374301675978
2015-2016,Tottenham,38,86,35,13,2.263157894736842,0.9210526315789473,0.34210526315789475,0.7107438016528925,0.7107438016528925
2015-2016,Sunderland,38,151,62,7,3.973684210526316,1.631578947368421,0.18421052631578946,0.7089201877934272,0.7089201877934272
2015-2016,Norwich City,38,98,67,5,2.5789473684210527,1.763157894736842,0.13157894736842105,0.593939393939394,0.593939393939394
2015-2016,Leicester City,38,100,36,15,2.6315789473684212,0.9473684210526315,0.39473684210526316,0.7352941176470589,0.7352941176470589
2016-2017,West Ham,38,118,64,10,3.1052631578947367,1.6842105263157894,0.2631578947368421,0.6483516483516484,0.6483516483516484
2016-2017,Bournemouth,38,122,67,10,3.210526315789474,1.763157894736842,0.2631578947368421,0.6455026455026455,0.6455026455026455
2016-2017,Chelsea,38,72,33,16,1.894736842105263,0.868421052631579,0.42105263157894735,0.6857142857142857,0.6857142857142857
2016-2017,Manchester City,38,66,39,11,1.736842105263158,1.0263157894736843,0.2894736842105263,0.6285714285714286,0.6285714285714286
2016-2017,Stoke City,38,124,56,11,3.263157894736842,1.4736842105263157,0.2894736842105263,0.6888888888888889,0.6888888888888889
2016-2017,Manchester Utd,38,87,29,17,2.289473684210526,0.7631578947368421,0.4473684210526316,0.75,0.75
2016-2017,Arsenal,38,123,44,13,3.236842105263158,1.1578947368421053,0.34210526315789475,0.7365269461077845,0.7365269461077845
2016-2017,Swansea City,38,109,70,8,2.8684210526315788,1.8421052631578947,0.21052631578947367,0.6089385474860335,0.6089385474860335
2016-2017,Southampton,38,82,48,14,2.1578947368421053,1.263157894736842,0.3684210526315789,0.6307692307692307,0.6307692307692307
2016-2017,West Brom,38,109,51,6,2.8684210526315788,1.3421052631578947,0.15789473684210525,0.68125,0.68125
2016-2017,Watford,38,119,68,6,3.1315789473684212,1.7894736842105263,0.15789473684210525,0.6363636363636364,0.6363636363636364
2016-2017,Middlesbrough,38,118,53,11,3.1052631578947367,1.394736842105263,0.2894736842105263,0.6900584795321637,0.6900584795321637
2016-2017,Burnley,38,153,55,10,4.026315789473684,1.4473684210526316,0.2631578947368421,0.7355769230769231,0.7355769230769231
2016-2017,Crystal Palace,38,113,63,7,2.973684210526316,1.6578947368421053,0.18421052631578946,0.6420454545454546,0.6420454545454546
2016-2017,Hull City,38,134,80,5,3.526315789473684,2.1052631578947367,0.13157894736842105,0.6261682242990654,0.6261682242990654
2016-2017,Liverpool,38,72,42,12,1.894736842105263,1.105263157894737,0.3157894736842105,0.631578947368421,0.631578947368421
2016-2017,Tottenham,38,84,26,17,2.210526315789474,0.6842105263157895,0.4473684210526316,0.7636363636363637,0.7636363636363637
2016-2017,Sunderland,38,179,69,6,4.7105263157894735,1.8157894736842106,0.15789473684210525,0.7217741935483871,0.7217741935483871
2016-2017,Everton,38,104,44,13,2.736842105263158,1.1578947368421053,0.34210526315789475,0.7027027027027027,0.7027027027027027
2016-2017,Leicester City,38,127,63,9,3.3421052631578947,1.6578947368421053,0.23684210526315788,0.6684210526315789,0.6684210526315789
2017-2018,West Ham,38,119,68,10,3.1315789473684212,1.7894736842105263,0.2631578947368421,0.6363636363636364,0.6363636363636364
2017-2018,Bournemouth,38,109,61,6,2.8684210526315788,1.605263157894737,0.15789473684210525,0.6411764705882353,0.6411764705882353
2017-2018,Manchester City,38,58,27,18,1.5263157894736843,0.7105263157894737,0.47368421052631576,0.6823529411764706,0.6823529411764706
2017-2018,Stoke City,38,150,68,6,3.9473684210526314,1.7894736842105263,0.15789473684210525,0.6880733944954128,0.6944444444444444
2017-2018,Chelsea,38,81,38,16,2.1315789473684212,1.0,0.42105263157894735,0.680672268907563,0.6923076923076923
2017-2018,Arsenal,38,94,51,13,2.473684210526316,1.3421052631578947,0.34210526315789475,0.6482758620689655,0.6394557823129252
2017-2018,Newcastle Utd,38,102,47,9,2.6842105263157894,1.236842105263158,0.23684210526315788,0.6845637583892618,0.6891891891891891
2017-2018,Swansea City,38,133,56,9,3.5,1.4736842105263157,0.23684210526315788,0.7037037037037037,0.7
2017-2018,Southampton,38,108,56,8,2.8421052631578947,1.4736842105263157,0.21052631578947367,0.6585365853658537,0.6545454545454545
2017-2018,West Brom,38,100,56,10,2.6315789473684212,1.4736842105263157,0.2631578947368421,0.6410256410256411,0.6493506493506493
2017-2018,Tottenham,38,89,36,16,2.3421052631578947,0.9473684210526315,0.42105263157894735,0.712,0.717741935483871
2017-2018,Manchester Utd,38,117,28,19,3.0789473684210527,0.7368421052631579,0.5,0.8068965517241379,0.8181818181818182
2017-2018,Watford,38,93,64,9,2.4473684210526314,1.6842105263157894,0.23684210526315788,0.5923566878980892,0.5961538461538461
2017-2018,Leicester City,38,104,60,9,2.736842105263158,1.5789473684210527,0.23684210526315788,0.6341463414634146,0.6341463414634146
2017-2018,Burnley,38,121,39,12,3.1842105263157894,1.0263157894736843,0.3157894736842105,0.75625,0.75625
2017-2018,Crystal Palace,38,117,55,9,3.0789473684210527,1.4473684210526316,0.23684210526315788,0.6802325581395349,0.6882352941176471
2017-2018,Liverpool,38,64,38,17,1.6842105263157894,1.0,0.4473684210526316,0.6274509803921569,0.6153846153846154
2017-2018,Huddersfield,38,99,58,10,2.6052631578947367,1.5263157894736843,0.2631578947368421,0.6305732484076433,0.6265822784810127
2017-2018,Everton,38,119,58,10,3.1315789473684212,1.5263157894736843,0.2631578947368421,0.672316384180791,0.6685393258426966
2017-2018,Brighton,38,121,54,10,3.1842105263157894,1.4210526315789473,0.2631578947368421,0.6914285714285714,0.7034883720930233
2018-2019,Liverpool,38,74,22,21,1.9473684210526316,0.5789473684210527,0.5526315789473685,0.7708333333333334,0.7708333333333334
2018-2019,Chelsea,38,84,39,16,2.210526315789474,1.0263157894736843,0.42105263157894735,0.6829268292682927,0.6774193548387096
2018-2019,Bournemouth,38,106,70,10,2.789473684210526,1.8421052631578947,0.2631578947368421,0.6022727272727273,0.6127167630057804
2018-2019,Fulham,38,146,81,5,3.8421052631578947,2.1315789473684212,0.13157894736842105,0.6431718061674009,0.6460176991150443
2018-2019,Brighton,38,109,60,7,2.8684210526315788,1.5789473684210527,0.18421052631578946,0.6449704142011834,0.6411764705882353
2018-2019,Arsenal,38,132,51,8,3.473684210526316,1.3421052631578947,0.21052631578947367,0.7213114754098361,0.7252747252747253
2018-2019,Huddersfield,38,110,76,5,2.8947368421052633,2.0,0.13157894736842105,0.5913978494623656,0.5913978494623656
2018-2019,Newcastle Utd,38,93,48,11,2.4473684210526314,1.263157894736842,0.2894736842105263,0.6595744680851063,0.6642857142857143
2018-2019,Manchester City,38,58,23,20,1.5263157894736843,0.6052631578947368,0.5263157894736842,0.7160493827160493,0.7160493827160493
2018-2019,Cardiff City,38,135,69,10,3.5526315789473686,1.8157894736842106,0.2631578947368421,0.6617647058823529,0.6521739130434783
2018-2019,West Ham,38,143,55,7,3.763157894736842,1.4473684210526316,0.18421052631578946,0.7222222222222222,0.7222222222222222
2018-2019,Southampton,38,112,65,7,2.9473684210526314,1.7105263157894737,0.18421052631578946,0.632768361581921,0.64
2018-2019,Watford,38,123,59,7,3.236842105263158,1.5526315789473684,0.18421052631578946,0.6758241758241759,0.6833333333333333
2018-2019,Tottenham,38,118,39,13,3.1052631578947367,1.0263157894736843,0.34210526315789475,0.7515923566878981,0.7564102564102564
2018-2019,Manchester Utd,38,120,54,7,3.1578947368421053,1.4210526315789473,0.18421052631578946,0.6896551724137931,0.7017543859649122
2018-2019,Crystal Palace,38,110,53,12,2.8947368421052633,1.394736842105263,0.3157894736842105,0.6748466257668712,0.6748466257668712
2018-2019,Burnley,38,134,68,8,3.526315789473684,1.7894736842105263,0.21052631578947367,0.6633663366336634,0.6733668341708543
2018-2019,Wolves,38,99,46,9,2.6052631578947367,1.2105263157894737,0.23684210526315788,0.6827586206896552,0.7021276595744681
2018-2019,Everton,38,89,46,14,2.3421052631578947,1.2105263157894737,0.3684210526315789,0.6592592592592592,0.6544117647058824
2018-2019,Leicester City,38,90,48,10,2.3684210526315788,1.263157894736842,0.2631578947368421,0.6521739130434783,0.6521739130434783
2019-2020,Liverpool,38,75.0,33.0,15.0,1.9736842105263157,0.868421052631579,0.39473684210526316,0.6944444444444444,0.7009345794392523
2019-2020,Chelsea,38,64.0,54.0,9.0,1.6842105263157894,1.4210526315789473,0.23684210526315788,0.5423728813559322,0.5565217391304348
2019-2020,Manchester City,38,76.0,35.0,17.0,2.0,0.9210526315789473,0.4473684210526316,0.6846846846846847,0.6909090909090909
2019-2020,Newcastle Utd,38,139.0,58.0,11.0,3.6578947368421053,1.5263157894736843,0.2894736842105263,0.7055837563451777,0.7128205128205128
2019-2020,West Ham,38,127.0,62.0,7.0,3.3421052631578947,1.631578947368421,0.18421052631578946,0.671957671957672,0.679144385026738
2019-2020,Norwich City,38,135.0,75.0,nan,3.5526315789473686,1.9736842105263157,nan,0.6428571428571429,0.6428571428571429
2019-2020,Watford,38,116.0,64.0,9.0,3.0526315789473686,1.6842105263157894,0.23684210526315788,0.6444444444444445,0.651685393258427
2019-2020,Tottenham,38,134.0,47.0,8.0,3.526315789473684,1.236842105263158,0.21052631578947367,0.7403314917127072,0.7403314917127072
2019-2020,Manchester Utd,38,96.0,36.0,13.0,2.526315789473684,0.9473684210526315,0.34210526315789475,0.7272727272727273,0.732824427480916
2019-2020,Crystal Palace,38,124.0,50.0,10.0,3.263157894736842,1.3157894736842106,0.2631578947368421,0.7126436781609196,0.7209302325581395
2019-2020,Southampton,38,108.0,60.0,9.0,2.8421052631578947,1.5789473684210527,0.23684210526315788,0.6428571428571429,0.6428571428571429
2019-2020,Aston Villa,38,nan,nan,nan,nan,nan,nan,0,0
2019-2020,Sheffield Utd,38,99.0,39.0,13.0,2.6052631578947367,1.0263157894736843,0.34210526315789475,0.717391304347826,0.7122302158273381
2019-2020,Arsenal,38,144.0,48.0,10.0,3.789473684210526,1.263157894736842,0.2631578947368421,0.75,0.7461139896373057
2019-2020,Wolves,38,88.0,40.0,13.0,2.3157894736842106,1.0526315789473684,0.34210526315789475,0.6875,0.6821705426356589
2019-2020,Everton,38,94.0,56.0,9.0,2.473684210526316,1.4736842105263157,0.23684210526315788,0.6266666666666667,0.6394557823129252
2019-2020,Burnley,38,117.0,50.0,15.0,3.0789473684210527,1.3157894736842106,0.39473684210526316,0.7005988023952096,0.7005988023952096
2019-2020,Bournemouth,38,126.0,65.0,5.0,3.3157894736842106,1.7105263157894737,0.13157894736842105,0.6596858638743456,0.65625
2019-2020,Brighton,38,116.0,54.0,9.0,3.0526315789473686,1.4210526315789473,0.23684210526315788,0.6823529411764706,0.6904761904761905
2019-2020,Leicester City,38,94.0,41.0,13.0,2.473684210526316,1.0789473684210527,0.34210526315789475,0.6962962962962963,0.6962962962962963
