Season,Team,Games,Goals,G+A,Penalties,Avg Goals per Game,Avg G+A per Game,Avg Penalties per Game
1992-1993,Oldham Athletic,42,51,81,1.0,1.2142857142857142,1.9285714285714286,0.023809523809523808
1992-1993,QPR,42,54,82,1.0,1.2857142857142858,1.9523809523809523,0.023809523809523808
1992-1993,Tottenham,42,55,94,nan,1.3095238095238095,2.238095238095238,nan
1992-1993,Chelsea,42,43,79,1.0,1.0238095238095237,1.880952380952381,0.023809523809523808
1992-1993,Wimbledon,42,53,80,2.0,1.2619047619047619,1.9047619047619047,0.047619047619047616
1992-1993,Crystal Palace,42,31,53,0.0,0.7380952380952381,1.2619047619047619,0.0
1992-1993,Coventry City,42,47,75,nan,1.119047619047619,1.7857142857142858,nan
1992-1993,Blackburn,42,58,100,3.0,1.380952380952381,2.380952380952381,0.07142857142857142
1992-1993,Aston Villa,42,50,85,2.0,1.1904761904761905,2.0238095238095237,0.047619047619047616
1992-1993,Southampton,42,40,64,2.0,0.9523809523809523,1.5238095238095237,0.047619047619047616
1992-1993,Nott'ham Forest,42,39,64,nan,0.9285714285714286,1.5238095238095237,nan
1992-1993,Everton,42,45,70,4.0,1.0714285714285714,1.6666666666666667,0.09523809523809523
1992-1993,Liverpool,42,57,97,nan,1.3571428571428572,2.3095238095238093,nan
1992-1993,Sheffield Weds,42,49,79,3.0,1.1666666666666667,1.880952380952381,0.07142857142857142
1992-1993,Leeds United,42,49,83,nan,1.1666666666666667,1.9761904761904763,nan
1992-1993,Norwich City,42,52,85,2.0,1.2380952380952381,2.0238095238095237,0.047619047619047616
1992-1993,Manchester Utd,42,54,93,nan,1.2857142857142858,2.2142857142857144,nan
1992-1993,Ipswich Town,42,44,72,4.0,1.0476190476190477,1.7142857142857142,0.09523809523809523
1992-1993,Sheffield Utd,42,47,76,1.0,1.119047619047619,1.8095238095238095,0.023809523809523808
1992-1993,Arsenal,42,36,62,0.0,0.8571428571428571,1.4761904761904763,0.0
1992-1993,Middlesbrough,42,42,72,0.0,1.0,1.7142857142857142,0.0
1992-1993,Manchester City,42,47,78,0.0,1.119047619047619,1.8571428571428572,0.0
1993-1994,Norwich City,42,54,93,nan,1.2857142857142858,2.2142857142857144,nan
1993-1994,Oldham Athletic,42,32,51,1.0,0.7619047619047619,1.2142857142857142,0.023809523809523808
1993-1994,Swindon Town,42,32,51,2.0,0.7619047619047619,1.2142857142857142,0.047619047619047616
1993-1994,QPR,42,52,86,2.0,1.2380952380952381,2.0476190476190474,0.047619047619047616
1993-1994,West Ham,42,40,69,2.0,0.9523809523809523,1.6428571428571428,0.047619047619047616
1993-1994,Newcastle Utd,42,80,136,nan,1.9047619047619047,3.238095238095238,nan
1993-1994,Southampton,42,43,68,7.0,1.0238095238095237,1.619047619047619,0.16666666666666666
1993-1994,Tottenham,42,52,83,2.0,1.2380952380952381,1.9761904761904763,0.047619047619047616
1993-1994,Everton,42,40,58,nan,0.9523809523809523,1.380952380952381,nan
1993-1994,Wimbledon,42,50,74,1.0,1.1904761904761905,1.7619047619047619,0.023809523809523808
1993-1994,Coventry City,42,38,63,3.0,0.9047619047619048,1.5,0.07142857142857142
1993-1994,Blackburn,42,57,98,3.0,1.3571428571428572,2.3333333333333335,0.07142857142857142
1993-1994,Aston Villa,42,42,71,3.0,1.0,1.6904761904761905,0.07142857142857142
1993-1994,Chelsea,42,46,80,3.0,1.0952380952380953,1.9047619047619047,0.07142857142857142
1993-1994,Liverpool,42,47,66,nan,1.119047619047619,1.5714285714285714,nan
1993-1994,Sheffield Weds,42,67,113,2.0,1.5952380952380953,2.6904761904761907,0.047619047619047616
1993-1994,Leeds United,42,57,95,nan,1.3571428571428572,2.261904761904762,nan
1993-1994,Manchester City,42,33,54,nan,0.7857142857142857,1.2857142857142858,nan
1993-1994,Sheffield Utd,42,37,59,0.0,0.8809523809523809,1.4047619047619047,0.0
1993-1994,Manchester Utd,42,74,128,3.0,1.7619047619047619,3.0476190476190474,0.07142857142857142
1993-1994,Arsenal,42,49,77,4.0,1.1666666666666667,1.8333333333333333,0.09523809523809523
1993-1994,Ipswich Town,42,28,43,2.0,0.6666666666666666,1.0238095238095237,0.047619047619047616
1994-1995,Norwich City,42,25,41,1.0,0.5952380952380952,0.9761904761904762,0.023809523809523808
1994-1995,Leicester City,42,38,61,0.0,0.9047619047619048,1.4523809523809523,0.0
1994-1995,QPR,42,54,97,nan,1.2857142857142858,2.3095238095238093,nan
1994-1995,Newcastle Utd,42,56,90,nan,1.3333333333333333,2.142857142857143,nan
1994-1995,West Ham,42,38,65,0.0,0.9047619047619048,1.5476190476190477,0.0
1994-1995,Southampton,42,51,85,nan,1.2142857142857142,2.0238095238095237,nan
1994-1995,Everton,42,33,49,0.0,0.7857142857142857,1.1666666666666667,0.0
1994-1995,Tottenham,42,60,103,2.0,1.4285714285714286,2.4523809523809526,0.047619047619047616
1994-1995,Wimbledon,42,39,60,2.0,0.9285714285714286,1.4285714285714286,0.047619047619047616
1994-1995,Crystal Palace,42,29,48,nan,0.6904761904761905,1.1428571428571428,nan
1994-1995,Sheffield Weds,42,42,68,nan,1.0,1.619047619047619,nan
1994-1995,Blackburn,42,69,109,10.0,1.6428571428571428,2.5952380952380953,0.23809523809523808
1994-1995,Aston Villa,42,44,75,nan,1.0476190476190477,1.7857142857142858,nan
1994-1995,Liverpool,42,56,89,nan,1.3333333333333333,2.119047619047619,nan
1994-1995,Manchester City,42,50,81,1.0,1.1904761904761905,1.9285714285714286,0.023809523809523808
1994-1995,Manchester Utd,42,69,112,nan,1.6428571428571428,2.6666666666666665,nan
1994-1995,Nott'ham Forest,42,61,106,1.0,1.4523809523809523,2.5238095238095237,0.023809523809523808
1994-1995,Coventry City,42,39,63,5.0,0.9285714285714286,1.5,0.11904761904761904
1994-1995,Chelsea,42,45,77,1.0,1.0714285714285714,1.8333333333333333,0.023809523809523808
1994-1995,Arsenal,42,45,70,3.0,1.0714285714285714,1.6666666666666667,0.07142857142857142
1994-1995,Ipswich Town,42,29,45,3.0,0.6904761904761905,1.0714285714285714,0.07142857142857142
1994-1995,Leeds United,42,53,87,3.0,1.2619047619047619,2.0714285714285716,0.07142857142857142
1995-1996,Middlesbrough,38,27,48,3.0,0.7105263157894737,1.263157894736842,0.07894736842105263
1995-1996,QPR,38,34,56,nan,0.8947368421052632,1.4736842105263157,nan
1995-1996,Nott'ham Forest,38,40,72,nan,1.0526315789473684,1.894736842105263,nan
1995-1996,West Ham,38,30,48,nan,0.7894736842105263,1.263157894736842,nan
1995-1996,Everton,38,55,89,0.0,1.4473684210526316,2.3421052631578947,0.0
1995-1996,Tottenham,38,47,74,nan,1.236842105263158,1.9473684210526316,nan
1995-1996,Wimbledon,38,53,80,2.0,1.394736842105263,2.1052631578947367,0.05263157894736842
1995-1996,Newcastle Utd,38,61,107,nan,1.605263157894737,2.8157894736842106,nan
1995-1996,Sheffield Weds,38,46,80,nan,1.2105263157894737,2.1052631578947367,nan
1995-1996,Blackburn,38,56,95,nan,1.4736842105263157,2.5,nan
1995-1996,Liverpool,38,60,110,nan,1.5789473684210527,2.8947368421052633,nan
1995-1996,Coventry City,38,36,63,nan,0.9473684210526315,1.6578947368421053,nan
1995-1996,Manchester City,38,31,55,nan,0.8157894736842105,1.4473684210526316,nan
1995-1996,Manchester Utd,38,68,110,4.0,1.7894736842105263,2.8947368421052633,0.10526315789473684
1995-1996,Southampton,38,27,40,4.0,0.7105263157894737,1.0526315789473684,0.10526315789473684
1995-1996,Arsenal,38,43,72,3.0,1.131578947368421,1.894736842105263,0.07894736842105263
1995-1996,Bolton,38,24,49,nan,0.631578947368421,1.2894736842105263,nan
1995-1996,Leeds United,38,33,55,nan,0.868421052631579,1.4473684210526316,nan
1995-1996,Chelsea,38,40,64,3.0,1.0526315789473684,1.6842105263157894,0.07894736842105263
1995-1996,Aston Villa,38,42,74,nan,1.105263157894737,1.9473684210526316,nan
1996-1997,Middlesbrough,38,49,81,5.0,1.2894736842105263,2.1315789473684212,0.13157894736842105
1996-1997,Sunderland,38,29,49,3.0,0.7631578947368421,1.2894736842105263,0.07894736842105263
1996-1997,Nott'ham Forest,38,23,40,0.0,0.6052631578947368,1.0526315789473684,0.0
1996-1997,Tottenham,38,42,66,1.0,1.105263157894737,1.736842105263158,0.02631578947368421
1996-1997,Arsenal,38,56,91,8.0,1.4736842105263157,2.3947368421052633,0.21052631578947367
1996-1997,Wimbledon,38,47,73,0.0,1.236842105263158,1.9210526315789473,0.0
1996-1997,Derby County,38,35,48,3.0,0.9210526315789473,1.263157894736842,0.07894736842105263
1996-1997,Newcastle Utd,38,61,100,5.0,1.605263157894737,2.6315789473684212,0.13157894736842105
1996-1997,Sheffield Weds,38,46,77,2.0,1.2105263157894737,2.026315789473684,0.05263157894736842
1996-1997,Everton,38,35,57,2.0,0.9210526315789473,1.5,0.05263157894736842
1996-1997,Liverpool,38,56,89,nan,1.4736842105263157,2.3421052631578947,nan
1996-1997,Southampton,38,44,62,6.0,1.1578947368421053,1.631578947368421,0.15789473684210525
1996-1997,Blackburn,38,38,64,2.0,1.0,1.6842105263157894,0.05263157894736842
1996-1997,Manchester Utd,38,63,107,4.0,1.6578947368421053,2.8157894736842106,0.10526315789473684
1996-1997,West Ham,38,24,45,0.0,0.631578947368421,1.1842105263157894,0.0
1996-1997,Leeds United,38,22,39,0.0,0.5789473684210527,1.0263157894736843,0.0
1996-1997,Coventry City,38,32,52,3.0,0.8421052631578947,1.368421052631579,0.07894736842105263
1996-1997,Chelsea,38,40,67,1.0,1.0526315789473684,1.763157894736842,0.02631578947368421
1996-1997,Leicester City,38,38,63,3.0,1.0,1.6578947368421053,0.07894736842105263
1996-1997,Aston Villa,38,40,63,4.0,1.0526315789473684,1.6578947368421053,0.10526315789473684
1997-1998,West Ham,38,50,83,1.0,1.3157894736842106,2.1842105263157894,0.02631578947368421
1997-1998,Barnsley,38,36,56,3.0,0.9473684210526315,1.4736842105263157,0.07894736842105263
1997-1998,Sheffield Weds,38,47,72,3.0,1.236842105263158,1.894736842105263,0.07894736842105263
1997-1998,Tottenham,38,37,76,0.0,0.9736842105263158,2.0,0.0
1997-1998,Blackburn,38,54,87,2.0,1.4210526315789473,2.289473684210526,0.05263157894736842
1997-1998,Newcastle Utd,38,29,46,nan,0.7631578947368421,1.2105263157894737,nan
1997-1998,Chelsea,38,54,83,3.0,1.4210526315789473,2.1842105263157894,0.07894736842105263
1997-1998,Arsenal,38,61,105,5.0,1.605263157894737,2.763157894736842,0.13157894736842105
1997-1998,Wimbledon,38,32,49,1.0,0.8421052631578947,1.2894736842105263,0.02631578947368421
1997-1998,Derby County,38,46,69,6.0,1.2105263157894737,1.8157894736842106,0.15789473684210525
1997-1998,Everton,38,36,57,nan,0.9473684210526315,1.5,nan
1997-1998,Aston Villa,38,46,71,3.0,1.2105263157894737,1.868421052631579,0.07894736842105263
1997-1998,Southampton,38,45,69,5.0,1.1842105263157894,1.8157894736842106,0.13157894736842105
1997-1998,Bolton,38,37,63,3.0,0.9736842105263158,1.6578947368421053,0.07894736842105263
1997-1998,Manchester Utd,38,63,114,1.0,1.6578947368421053,3.0,0.02631578947368421
1997-1998,Crystal Palace,38,35,61,1.0,0.9210526315789473,1.605263157894737,0.02631578947368421
1997-1998,Liverpool,38,68,107,nan,1.7894736842105263,2.8157894736842106,nan
1997-1998,Coventry City,38,44,67,5.0,1.1578947368421053,1.763157894736842,0.13157894736842105
1997-1998,Leeds United,38,46,69,1.0,1.2105263157894737,1.8157894736842106,0.02631578947368421
1997-1998,Leicester City,38,40,67,3.0,1.0526315789473684,1.763157894736842,0.07894736842105263
1998-1999,West Ham,38,41,73,nan,1.0789473684210527,1.9210526315789473,nan
1998-1999,Sheffield Weds,38,38,59,1.0,1.0,1.5526315789473684,0.02631578947368421
1998-1999,Wimbledon,38,41,63,nan,1.0789473684210527,1.6578947368421053,nan
1998-1999,Tottenham,38,42,72,2.0,1.105263157894737,1.894736842105263,0.05263157894736842
1998-1999,Nott'ham Forest,38,27,48,nan,0.7105263157894737,1.263157894736842,nan
1998-1999,Coventry City,38,39,68,nan,1.0263157894736843,1.7894736842105263,nan
1998-1999,Newcastle Utd,38,43,63,nan,1.131578947368421,1.6578947368421053,nan
1998-1999,Chelsea,38,48,77,0.0,1.263157894736842,2.026315789473684,0.0
1998-1999,Arsenal,38,57,96,2.0,1.5,2.526315789473684,0.05263157894736842
1998-1999,Middlesbrough,38,40,65,nan,1.0526315789473684,1.7105263157894737,nan
1998-1999,Derby County,38,31,54,nan,0.8157894736842105,1.4210526315789473,nan
1998-1999,Everton,38,39,58,nan,1.0263157894736843,1.5263157894736843,nan
1998-1999,Charlton Ath,38,33,44,4.0,0.868421052631579,1.1578947368421053,0.10526315789473684
1998-1999,Aston Villa,38,46,78,nan,1.2105263157894737,2.0526315789473686,nan
1998-1999,Southampton,38,35,57,1.0,0.9210526315789473,1.5,0.02631578947368421
1998-1999,Leeds United,38,51,88,1.0,1.3421052631578947,2.3157894736842106,0.02631578947368421
1998-1999,Manchester Utd,38,71,118,0.0,1.868421052631579,3.1052631578947367,0.0
1998-1999,Liverpool,38,68,108,7.0,1.7894736842105263,2.8421052631578947,0.18421052631578946
1998-1999,Blackburn,38,35,55,nan,0.9210526315789473,1.4473684210526316,nan
1998-1999,Leicester City,38,31,55,1.0,0.8157894736842105,1.4473684210526316,0.02631578947368421
1999-2000,Wimbledon,38,42,65,1.0,1.105263157894737,1.7105263157894737,0.02631578947368421
1999-2000,Sheffield Weds,38,35,59,4.0,0.9210526315789473,1.5526315789473684,0.10526315789473684
1999-2000,Coventry City,38,45,74,5.0,1.1842105263157894,1.9473684210526316,0.13157894736842105
1999-2000,Chelsea,38,38,66,0.0,1.0,1.736842105263158,0.0
1999-2000,Tottenham,38,49,80,1.0,1.2894736842105263,2.1052631578947367,0.02631578947368421
1999-2000,Middlesbrough,38,40,61,6.0,1.0526315789473684,1.605263157894737,0.15789473684210525
1999-2000,Derby County,38,39,62,2.0,1.0263157894736843,1.631578947368421,0.05263157894736842
1999-2000,Watford,38,31,52,2.0,0.8157894736842105,1.368421052631579,0.05263157894736842
1999-2000,Leeds United,38,48,77,0.0,1.263157894736842,2.026315789473684,0.0
1999-2000,Sunderland,38,55,91,6.0,1.4473684210526316,2.3947368421052633,0.15789473684210525
1999-2000,Everton,38,47,84,0.0,1.236842105263158,2.210526315789474,0.0
1999-2000,Arsenal,38,64,110,3.0,1.6842105263157894,2.8947368421052633,0.07894736842105263
1999-2000,Aston Villa,38,40,71,1.0,1.0526315789473684,1.868421052631579,0.02631578947368421
1999-2000,Bradford City,38,34,52,5.0,0.8947368421052632,1.368421052631579,0.13157894736842105
1999-2000,Southampton,38,40,69,1.0,1.0526315789473684,1.8157894736842106,0.02631578947368421
1999-2000,Manchester Utd,38,90,149,1.0,2.3684210526315788,3.9210526315789473,0.02631578947368421
1999-2000,Liverpool,38,48,79,nan,1.263157894736842,2.0789473684210527,nan
1999-2000,West Ham,38,49,89,2.0,1.2894736842105263,2.3421052631578947,0.05263157894736842
1999-2000,Leicester City,38,40,70,nan,1.0526315789473684,1.8421052631578947,nan
1999-2000,Newcastle Utd,38,48,85,6.0,1.263157894736842,2.236842105263158,0.15789473684210525
2000-2001,Ipswich Town,38,46,75,3.0,1.2105263157894737,1.9736842105263157,0.07894736842105263
2000-2001,Newcastle Utd,38,40,67,5.0,1.0526315789473684,1.763157894736842,0.13157894736842105
2000-2001,Leicester City,38,31,49,3.0,0.8157894736842105,1.2894736842105263,0.07894736842105263
2000-2001,Chelsea,38,66,111,4.0,1.736842105263158,2.9210526315789473,0.10526315789473684
2000-2001,Everton,38,36,54,0.0,0.9473684210526315,1.4210526315789473,0.0
2000-2001,Manchester City,38,29,50,2.0,0.7631578947368421,1.3157894736842106,0.05263157894736842
2000-2001,Coventry City,38,31,48,3.0,0.8157894736842105,1.263157894736842,0.07894736842105263
2000-2001,Tottenham,38,42,70,3.0,1.105263157894737,1.8421052631578947,0.07894736842105263
2000-2001,Sunderland,38,43,75,2.0,1.131578947368421,1.9736842105263157,0.05263157894736842
2000-2001,Bradford City,38,24,44,3.0,0.631578947368421,1.1578947368421053,0.07894736842105263
2000-2001,Charlton Ath,38,44,73,3.0,1.1578947368421053,1.9210526315789473,0.07894736842105263
2000-2001,Leeds United,38,53,84,1.0,1.394736842105263,2.210526315789474,0.02631578947368421
2000-2001,Liverpool,38,64,106,3.0,1.6842105263157894,2.789473684210526,0.07894736842105263
2000-2001,Aston Villa,38,43,71,1.0,1.131578947368421,1.868421052631579,0.02631578947368421
2000-2001,West Ham,38,41,64,4.0,1.0789473684210527,1.6842105263157894,0.10526315789473684
2000-2001,Southampton,38,35,59,0.0,0.9210526315789473,1.5526315789473684,0.0
2000-2001,Manchester Utd,38,73,125,nan,1.9210526315789473,3.289473684210526,nan
2000-2001,Arsenal,38,51,88,1.0,1.3421052631578947,2.3157894736842106,0.02631578947368421
2000-2001,Derby County,38,32,53,2.0,0.8421052631578947,1.394736842105263,0.05263157894736842
2000-2001,Middlesbrough,38,34,54,3.0,0.8947368421052632,1.4210526315789473,0.07894736842105263
2001-2002,Newcastle Utd,38,63,103,5.0,1.6578947368421053,2.710526315789474,0.13157894736842105
2001-2002,Leicester City,38,29,42,2.0,0.7631578947368421,1.105263157894737,0.05263157894736842
2001-2002,Everton,38,34,63,2.0,0.8947368421052632,1.6578947368421053,0.05263157894736842
2001-2002,Arsenal,38,75,124,5.0,1.9736842105263157,3.263157894736842,0.13157894736842105
2001-2002,Ipswich Town,38,35,55,1.0,0.9210526315789473,1.4473684210526316,0.02631578947368421
2001-2002,Tottenham,38,46,75,3.0,1.2105263157894737,1.9736842105263157,0.07894736842105263
2001-2002,Liverpool,38,62,110,nan,1.631578947368421,2.8947368421052633,nan
2001-2002,Sunderland,38,28,49,1.0,0.7368421052631579,1.2894736842105263,0.02631578947368421
2001-2002,Chelsea,38,60,93,3.0,1.5789473684210527,2.4473684210526314,0.07894736842105263
2001-2002,Leeds United,38,45,75,0.0,1.1842105263157894,1.9736842105263157,0.0
2001-2002,Aston Villa,38,44,80,2.0,1.1578947368421053,2.1052631578947367,0.05263157894736842
2001-2002,Charlton Ath,38,32,51,0.0,0.8421052631578947,1.3421052631578947,0.0
2001-2002,Southampton,38,44,66,4.0,1.1578947368421053,1.736842105263158,0.10526315789473684
2001-2002,Manchester Utd,38,84,134,nan,2.210526315789474,3.526315789473684,nan
2001-2002,Blackburn,38,50,84,1.0,1.3157894736842106,2.210526315789474,0.02631578947368421
2001-2002,Fulham,38,35,54,1.0,0.9210526315789473,1.4210526315789473,0.02631578947368421
2001-2002,Bolton,38,41,62,0.0,1.0789473684210527,1.631578947368421,0.0
2001-2002,Middlesbrough,38,26,41,2.0,0.6842105263157895,1.0789473684210527,0.05263157894736842
2001-2002,Derby County,38,31,46,1.0,0.8157894736842105,1.2105263157894737,0.02631578947368421
2001-2002,West Ham,38,45,69,4.0,1.1842105263157894,1.8157894736842106,0.10526315789473684
2002-2003,Tottenham,38,45,76,nan,1.1842105263157894,2.0,nan
2002-2003,Newcastle Utd,38,56,94,3.0,1.4736842105263157,2.473684210526316,0.07894736842105263
2002-2003,Bolton,38,37,55,nan,0.9736842105263158,1.4473684210526316,nan
2002-2003,Everton,38,42,73,0.0,1.105263157894737,1.9210526315789473,0.0
2002-2003,Arsenal,38,78,129,5.0,2.0526315789473686,3.3947368421052633,0.13157894736842105
2002-2003,Aston Villa,38,41,70,3.0,1.0789473684210527,1.8421052631578947,0.07894736842105263
2002-2003,Sunderland,38,20,34,1.0,0.5263157894736842,0.8947368421052632,0.02631578947368421
2002-2003,Manchester City,38,39,69,2.0,1.0263157894736843,1.8157894736842106,0.05263157894736842
2002-2003,Liverpool,38,58,98,4.0,1.5263157894736843,2.5789473684210527,0.10526315789473684
2002-2003,Chelsea,38,57,95,3.0,1.5,2.5,0.07894736842105263
2002-2003,Southampton,38,39,58,6.0,1.0263157894736843,1.5263157894736843,0.15789473684210525
2002-2003,Leeds United,38,52,79,nan,1.368421052631579,2.0789473684210527,nan
2002-2003,West Brom,38,23,35,1.0,0.6052631578947368,0.9210526315789473,0.02631578947368421
2002-2003,Charlton Ath,38,39,62,4.0,1.0263157894736843,1.631578947368421,0.10526315789473684
2002-2003,Manchester Utd,38,72,112,9.0,1.894736842105263,2.9473684210526314,0.23684210526315788
2002-2003,Fulham,38,36,55,6.0,0.9473684210526315,1.4473684210526316,0.15789473684210525
2002-2003,Middlesbrough,38,40,67,nan,1.0526315789473684,1.763157894736842,nan
2002-2003,West Ham,38,37,56,4.0,0.9736842105263158,1.4736842105263157,0.10526315789473684
2002-2003,Birmingham City,38,38,61,4.0,1.0,1.605263157894737,0.10526315789473684
2002-2003,Blackburn,38,44,73,5.0,1.1578947368421053,1.9210526315789473,0.13157894736842105
2003-2004,Portsmouth,38,42,64,nan,1.105263157894737,1.6842105263157894,nan
2003-2004,Arsenal,38,68,108,7.0,1.7894736842105263,2.8421052631578947,0.18421052631578946
2003-2004,Aston Villa,38,45,76,4.0,1.1842105263157894,2.0,0.10526315789473684
2003-2004,Newcastle Utd,38,49,77,7.0,1.2894736842105263,2.026315789473684,0.18421052631578946
2003-2004,Tottenham,38,45,68,nan,1.1842105263157894,1.7894736842105263,nan
2003-2004,Blackburn,38,37,73,0.0,0.9736842105263158,1.9210526315789473,0.0
2003-2004,Wolves,38,36,57,1.0,0.9473684210526315,1.5,0.02631578947368421
2003-2004,Manchester City,38,48,75,4.0,1.263157894736842,1.9736842105263157,0.10526315789473684
2003-2004,Liverpool,38,49,86,8.0,1.2894736842105263,2.263157894736842,0.21052631578947367
2003-2004,Bolton,38,41,63,1.0,1.0789473684210527,1.6578947368421053,0.02631578947368421
2003-2004,Chelsea,38,56,96,4.0,1.4736842105263157,2.526315789473684,0.10526315789473684
2003-2004,Southampton,38,39,61,2.0,1.0263157894736843,1.605263157894737,0.05263157894736842
2003-2004,Leeds United,38,32,51,3.0,0.8421052631578947,1.3421052631578947,0.07894736842105263
2003-2004,Birmingham City,38,39,61,4.0,1.0263157894736843,1.605263157894737,0.10526315789473684
2003-2004,Charlton Ath,38,46,72,nan,1.2105263157894737,1.894736842105263,nan
2003-2004,Manchester Utd,38,61,102,nan,1.605263157894737,2.6842105263157894,nan
2003-2004,Leicester City,38,43,76,2.0,1.131578947368421,2.0,0.05263157894736842
2003-2004,Fulham,38,52,83,nan,1.368421052631579,2.1842105263157894,nan
2003-2004,Middlesbrough,38,40,64,3.0,1.0526315789473684,1.6842105263157894,0.07894736842105263
2003-2004,Everton,38,37,65,1.0,0.9736842105263158,1.7105263157894737,0.02631578947368421
2004-2005,Portsmouth,38,34.0,54.0,nan,0.8947368421052632,1.4210526315789473,nan
2004-2005,Arsenal,38,83.0,145.0,2.0,2.1842105263157894,3.8157894736842106,0.05263157894736842
2004-2005,Liverpool,38,46.0,77.0,3.0,1.2105263157894737,2.026315789473684,0.07894736842105263
2004-2005,Newcastle Utd,38,38.0,59.0,3.0,1.0,1.5526315789473684,0.07894736842105263
2004-2005,Birmingham City,38,36.0,59.0,nan,0.9473684210526315,1.5526315789473684,nan
2004-2005,Crystal Palace,38,35.0,58.0,10.0,0.9210526315789473,1.5263157894736843,0.2631578947368421
2004-2005,Manchester City,38,44.0,68.0,5.0,1.1578947368421053,1.7894736842105263,0.13157894736842105
2004-2005,Everton,38,41.0,70.0,2.0,1.0789473684210527,1.8421052631578947,0.05263157894736842
2004-2005,Norwich City,38,38.0,62.0,3.0,1.0,1.631578947368421,0.07894736842105263
2004-2005,Chelsea,38,65.0,119.0,5.0,1.7105263157894737,3.1315789473684212,0.13157894736842105
2004-2005,Aston Villa,38,41.0,63.0,3.0,1.0789473684210527,1.6578947368421053,0.07894736842105263
2004-2005,Charlton Ath,38,34.0,56.0,0.0,0.8947368421052632,1.4736842105263157,0.0
2004-2005,Southampton,38,nan,nan,nan,nan,nan,nan
2004-2005,Manchester Utd,38,52.0,83.0,3.0,1.368421052631579,2.1842105263157894,0.07894736842105263
2004-2005,Fulham,38,49.0,85.0,2.0,1.2894736842105263,2.236842105263158,0.05263157894736842
2004-2005,Middlesbrough,38,41.0,69.0,1.0,1.0789473684210527,1.8157894736842106,0.02631578947368421
2004-2005,Blackburn,38,28.0,52.0,nan,0.7368421052631579,1.368421052631579,nan
2004-2005,Tottenham,38,nan,nan,nan,nan,nan,nan
2004-2005,West Brom,38,30.0,54.0,2.0,0.7894736842105263,1.4210526315789473,0.05263157894736842
2004-2005,Bolton,38,43.0,66.0,5.0,1.131578947368421,1.736842105263158,0.13157894736842105
2005-2006,Arsenal,38,62,106,4.0,1.631578947368421,2.789473684210526,0.10526315789473684
2005-2006,Aston Villa,38,34,62,1.0,0.8947368421052632,1.631578947368421,0.02631578947368421
2005-2006,Middlesbrough,38,41,70,5.0,1.0789473684210527,1.8421052631578947,0.13157894736842105
2005-2006,West Ham,38,44,76,3.0,1.1578947368421053,2.0,0.07894736842105263
2005-2006,Liverpool,38,53,88,4.0,1.394736842105263,2.3157894736842106,0.10526315789473684
2005-2006,Charlton Ath,38,38,63,4.0,1.0,1.6578947368421053,0.10526315789473684
2005-2006,Newcastle Utd,38,44,73,5.0,1.1578947368421053,1.9210526315789473,0.13157894736842105
2005-2006,Everton,38,30,55,1.0,0.7894736842105263,1.4473684210526316,0.02631578947368421
2005-2006,Sunderland,38,21,35,2.0,0.5526315789473685,0.9210526315789473,0.05263157894736842
2005-2006,Tottenham,38,52,88,4.0,1.368421052631579,2.3157894736842106,0.10526315789473684
2005-2006,Manchester City,38,37,63,nan,0.9736842105263158,1.6578947368421053,nan
2005-2006,Blackburn,38,45,68,3.0,1.1842105263157894,1.7894736842105263,0.07894736842105263
2005-2006,Portsmouth,38,36,61,2.0,0.9473684210526315,1.605263157894737,0.05263157894736842
2005-2006,Birmingham City,38,23,41,2.0,0.6052631578947368,1.0789473684210527,0.05263157894736842
2005-2006,Fulham,38,46,75,4.0,1.2105263157894737,1.9736842105263157,0.10526315789473684
2005-2006,Bolton,38,44,75,2.0,1.1578947368421053,1.9736842105263157,0.05263157894736842
2005-2006,Wigan Athletic,38,42,65,1.0,1.105263157894737,1.7105263157894737,0.02631578947368421
2005-2006,West Brom,38,26,42,nan,0.6842105263157895,1.105263157894737,nan
2005-2006,Chelsea,38,60,102,4.0,1.5789473684210527,2.6842105263157894,0.10526315789473684
2005-2006,Manchester Utd,38,64,107,2.0,1.6842105263157894,2.8157894736842106,0.05263157894736842
2006-2007,Arsenal,38,53,92,10.0,1.394736842105263,2.4210526315789473,0.2631578947368421
2006-2007,Aston Villa,38,41,64,6.0,1.0789473684210527,1.6842105263157894,0.15789473684210525
2006-2007,Wigan Athletic,38,29,48,1.0,0.7631578947368421,1.263157894736842,0.02631578947368421
2006-2007,Middlesbrough,38,38,65,4.0,1.0,1.7105263157894737,0.10526315789473684
2006-2007,Sheffield Utd,38,30,46,2.0,0.7894736842105263,1.2105263157894737,0.05263157894736842
2006-2007,Liverpool,38,51,81,6.0,1.3421052631578947,2.1315789473684212,0.15789473684210525
2006-2007,Charlton Ath,38,31,47,4.0,0.8157894736842105,1.236842105263158,0.10526315789473684
2006-2007,Newcastle Utd,38,34,59,5.0,0.8947368421052632,1.5526315789473684,0.13157894736842105
2006-2007,Bolton,38,44,71,6.0,1.1578947368421053,1.868421052631579,0.15789473684210525
2006-2007,Everton,38,44,69,8.0,1.1578947368421053,1.8157894736842106,0.21052631578947367
2006-2007,Watford,38,24,40,nan,0.631578947368421,1.0526315789473684,nan
2006-2007,Chelsea,38,54,92,3.0,1.4210526315789473,2.4210526315789473,0.07894736842105263
2006-2007,Manchester City,38,23,44,2.0,0.6052631578947368,1.1578947368421053,0.05263157894736842
2006-2007,West Ham,38,35,53,nan,0.9210526315789473,1.394736842105263,nan
2006-2007,Portsmouth,38,38,65,2.0,1.0,1.7105263157894737,0.05263157894736842
2006-2007,Blackburn,38,46,71,5.0,1.2105263157894737,1.868421052631579,0.13157894736842105
2006-2007,Tottenham,38,51,82,5.0,1.3421052631578947,2.1578947368421053,0.13157894736842105
2006-2007,Reading,38,44,79,3.0,1.1578947368421053,2.0789473684210527,0.07894736842105263
2006-2007,Fulham,38,24,42,3.0,0.631578947368421,1.105263157894737,0.07894736842105263
2006-2007,Manchester Utd,38,74,113,5.0,1.9473684210526316,2.973684210526316,0.13157894736842105
2007-2008,Derby County,38,14,25,0.0,0.3684210526315789,0.6578947368421053,0.0
2007-2008,Arsenal,38,64,113,5.0,1.6842105263157894,2.973684210526316,0.13157894736842105
2007-2008,Aston Villa,38,57,92,6.0,1.5,2.4210526315789473,0.15789473684210525
2007-2008,Wigan Athletic,38,31,48,4.0,0.8157894736842105,1.263157894736842,0.10526315789473684
2007-2008,Middlesbrough,38,37,67,2.0,0.9736842105263158,1.763157894736842,0.05263157894736842
2007-2008,Everton,38,43,75,1.0,1.131578947368421,1.9736842105263157,0.02631578947368421
2007-2008,Bolton,38,34,51,nan,0.8947368421052632,1.3421052631578947,nan
2007-2008,Liverpool,38,63,102,5.0,1.6578947368421053,2.6842105263157894,0.13157894736842105
2007-2008,Newcastle Utd,38,41,65,4.0,1.0789473684210527,1.7105263157894737,0.10526315789473684
2007-2008,Manchester Utd,38,74,120,6.0,1.9473684210526316,3.1578947368421053,0.15789473684210525
2007-2008,Fulham,38,36,55,2.0,0.9473684210526315,1.4473684210526316,0.05263157894736842
2007-2008,Chelsea,38,59,102,nan,1.5526315789473684,2.6842105263157894,nan
2007-2008,West Ham,38,35,58,2.0,0.9210526315789473,1.5263157894736843,0.05263157894736842
2007-2008,Tottenham,38,57,91,4.0,1.5,2.3947368421052633,0.10526315789473684
2007-2008,Portsmouth,38,41,65,4.0,1.0789473684210527,1.7105263157894737,0.10526315789473684
2007-2008,Manchester City,38,41,70,2.0,1.0789473684210527,1.8421052631578947,0.05263157894736842
2007-2008,Blackburn,38,47,72,5.0,1.236842105263158,1.894736842105263,0.13157894736842105
2007-2008,Reading,38,39,66,2.0,1.0263157894736843,1.736842105263158,0.05263157894736842
2007-2008,Sunderland,38,32,56,1.0,0.8421052631578947,1.4736842105263157,0.02631578947368421
2007-2008,Birmingham City,38,42,62,6.0,1.105263157894737,1.631578947368421,0.15789473684210525
2008-2009,Arsenal,38,59,105,5,1.5526315789473684,2.763157894736842,0.13157894736842105
2008-2009,Aston Villa,38,44,76,4,1.1578947368421053,2.0,0.10526315789473684
2008-2009,Everton,38,49,78,4,1.2894736842105263,2.0526315789473686,0.10526315789473684
2008-2009,Middlesbrough,38,23,37,1,0.6052631578947368,0.9736842105263158,0.02631578947368421
2008-2009,Liverpool,38,70,117,5,1.8421052631578947,3.0789473684210527,0.13157894736842105
2008-2009,Newcastle Utd,38,34,56,4,0.8947368421052632,1.4736842105263157,0.10526315789473684
2008-2009,Manchester Utd,38,63,111,4,1.6578947368421053,2.9210526315789473,0.10526315789473684
2008-2009,Fulham,38,38,62,5,1.0,1.631578947368421,0.13157894736842105
2008-2009,Blackburn,38,32,51,4,0.8421052631578947,1.3421052631578947,0.10526315789473684
2008-2009,Chelsea,38,58,97,2,1.5263157894736843,2.5526315789473686,0.05263157894736842
2008-2009,Hull City,38,29,46,3,0.7631578947368421,1.2105263157894737,0.07894736842105263
2008-2009,West Ham,38,39,60,1,1.0263157894736843,1.5789473684210527,0.02631578947368421
2008-2009,Tottenham,38,41,64,3,1.0789473684210527,1.6842105263157894,0.07894736842105263
2008-2009,Bolton,38,33,52,0,0.868421052631579,1.368421052631579,0.0
2008-2009,Portsmouth,38,30,52,2,0.7894736842105263,1.368421052631579,0.05263157894736842
2008-2009,West Brom,38,32,48,3,0.8421052631578947,1.263157894736842,0.07894736842105263
2008-2009,Stoke City,38,32,53,4,0.8421052631578947,1.394736842105263,0.10526315789473684
2008-2009,Manchester City,38,50,81,6,1.3157894736842106,2.1315789473684212,0.15789473684210525
2008-2009,Wigan Athletic,38,30,46,5,0.7894736842105263,1.2105263157894737,0.13157894736842105
2008-2009,Sunderland,38,31,50,1,0.8157894736842105,1.3157894736842106,0.02631578947368421
2009-2010,Manchester City,38,64,112,5,1.6842105263157894,2.9473684210526314,0.13157894736842105
2009-2010,Everton,38,54,83,4,1.4210526315789473,2.1842105263157894,0.10526315789473684
2009-2010,Aston Villa,38,41,72,5,1.0789473684210527,1.894736842105263,0.13157894736842105
2009-2010,Burnley,38,41,66,6,1.0789473684210527,1.736842105263158,0.15789473684210525
2009-2010,Hull City,38,31,50,6,0.8157894736842105,1.3157894736842106,0.15789473684210525
2009-2010,Manchester Utd,38,73,121,6,1.9210526315789473,3.1842105263157894,0.15789473684210525
2009-2010,Blackburn,38,27,47,3,0.7105263157894737,1.236842105263158,0.07894736842105263
2009-2010,Chelsea,38,91,150,11,2.3947368421052633,3.9473684210526314,0.2894736842105263
2009-2010,Liverpool,38,53,87,3,1.394736842105263,2.289473684210526,0.07894736842105263
2009-2010,Arsenal,38,68,119,3,1.7894736842105263,3.1315789473684212,0.07894736842105263
2009-2010,Fulham,38,37,62,4,0.9736842105263158,1.631578947368421,0.10526315789473684
2009-2010,Tottenham,38,61,105,2,1.605263157894737,2.763157894736842,0.05263157894736842
2009-2010,Bolton,38,36,58,4,0.9473684210526315,1.5263157894736843,0.10526315789473684
2009-2010,Portsmouth,38,30,55,3,0.7894736842105263,1.4473684210526316,0.07894736842105263
2009-2010,Stoke City,38,26,47,2,0.6842105263157895,1.236842105263158,0.05263157894736842
2009-2010,West Ham,38,41,71,7,1.0789473684210527,1.868421052631579,0.18421052631578946
2009-2010,Birmingham City,38,34,53,2,0.8947368421052632,1.394736842105263,0.05263157894736842
2009-2010,Sunderland,38,43,72,6,1.131578947368421,1.894736842105263,0.15789473684210525
2009-2010,Wigan Athletic,38,29,50,1,0.7631578947368421,1.3157894736842106,0.02631578947368421
2009-2010,Wolves,38,26,39,2,0.6842105263157895,1.0263157894736843,0.05263157894736842
2010-2011,Blackpool,38,49,81,7,1.2894736842105263,2.1315789473684212,0.18421052631578946
2010-2011,Manchester City,38,50,85,8,1.3157894736842106,2.236842105263158,0.21052631578947367
2010-2011,Aston Villa,38,41,71,4,1.0789473684210527,1.868421052631579,0.10526315789473684
2010-2011,Everton,38,43,67,0,1.131578947368421,1.763157894736842,0.0
2010-2011,Bolton,38,45,78,4,1.1842105263157894,2.0526315789473686,0.10526315789473684
2010-2011,Newcastle Utd,38,52,81,5,1.368421052631579,2.1315789473684212,0.13157894736842105
2010-2011,Manchester Utd,38,68,125,3,1.7894736842105263,3.289473684210526,0.07894736842105263
2010-2011,Blackburn,38,34,58,1,0.8947368421052632,1.5263157894736843,0.02631578947368421
2010-2011,Chelsea,38,59,93,6,1.5526315789473684,2.4473684210526314,0.15789473684210525
2010-2011,Arsenal,38,65,116,4,1.7105263157894737,3.0526315789473686,0.10526315789473684
2010-2011,Liverpool,38,52,81,7,1.368421052631579,2.1315789473684212,0.18421052631578946
2010-2011,West Ham,38,40,61,5,1.0526315789473684,1.605263157894737,0.13157894736842105
2010-2011,Fulham,38,41,75,2,1.0789473684210527,1.9736842105263157,0.05263157894736842
2010-2011,Tottenham,38,49,79,5,1.2894736842105263,2.0789473684210527,0.13157894736842105
2010-2011,West Brom,38,50,86,4,1.3157894736842106,2.263157894736842,0.10526315789473684
2010-2011,Birmingham City,38,29,51,2,0.7631578947368421,1.3421052631578947,0.05263157894736842
2010-2011,Sunderland,38,37,62,4,0.9736842105263158,1.631578947368421,0.10526315789473684
2010-2011,Wolves,38,42,73,3,1.105263157894737,1.9210526315789473,0.07894736842105263
2010-2011,Wigan Athletic,38,34,52,2,0.8947368421052632,1.368421052631579,0.05263157894736842
2010-2011,Stoke City,38,35,59,3,0.9210526315789473,1.5526315789473684,0.07894736842105263
2011-2012,Liverpool,38,37,58,1,0.9736842105263158,1.5263157894736843,0.02631578947368421
2011-2012,Tottenham,38,62,105,4,1.631578947368421,2.763157894736842,0.10526315789473684
2011-2012,Aston Villa,38,32,53,3,0.8421052631578947,1.394736842105263,0.07894736842105263
2011-2012,Manchester City,38,83,139,7,2.1842105263157894,3.6578947368421053,0.18421052631578946
2011-2012,Swansea City,38,42,66,5,1.105263157894737,1.736842105263158,0.13157894736842105
2011-2012,QPR,38,38,57,2,1.0,1.5,0.05263157894736842
2011-2012,Blackburn,38,40,64,4,1.0526315789473684,1.6842105263157894,0.10526315789473684
2011-2012,Bolton,38,35,60,5,0.9210526315789473,1.5789473684210527,0.13157894736842105
2011-2012,Newcastle Utd,38,51,84,2,1.3421052631578947,2.210526315789474,0.05263157894736842
2011-2012,Manchester Utd,38,85,147,9,2.236842105263158,3.8684210526315788,0.23684210526315788
2011-2012,West Brom,38,39,69,1,1.0263157894736843,1.8157894736842106,0.02631578947368421
2011-2012,Chelsea,38,52,90,4,1.368421052631579,2.3684210526315788,0.10526315789473684
2011-2012,Everton,38,43,72,2,1.131578947368421,1.894736842105263,0.05263157894736842
2011-2012,Fulham,38,43,74,3,1.131578947368421,1.9473684210526316,0.07894736842105263
2011-2012,Arsenal,38,64,114,2,1.6842105263157894,3.0,0.05263157894736842
2011-2012,Wigan Athletic,38,36,54,5,0.9473684210526315,1.4210526315789473,0.13157894736842105
2011-2012,Sunderland,38,40,66,1,1.0526315789473684,1.736842105263158,0.02631578947368421
2011-2012,Norwich City,38,48,79,2,1.263157894736842,2.0789473684210527,0.05263157894736842
2011-2012,Wolves,38,39,63,3,1.0263157894736843,1.6578947368421053,0.07894736842105263
2011-2012,Stoke City,38,29,55,4,0.7631578947368421,1.4473684210526316,0.10526315789473684
2012-2013,Stoke City,38,30,49,3,0.7894736842105263,1.2894736842105263,0.07894736842105263
2012-2013,Tottenham,38,53,93,0,1.394736842105263,2.4473684210526314,0.0
2012-2013,Aston Villa,38,43,71,3,1.131578947368421,1.868421052631579,0.07894736842105263
2012-2013,Manchester City,38,61,101,4,1.605263157894737,2.6578947368421053,0.10526315789473684
2012-2013,Swansea City,38,43,73,0,1.131578947368421,1.9210526315789473,0.0
2012-2013,Chelsea,38,60,105,9,1.5789473684210527,2.763157894736842,0.23684210526315788
2012-2013,Reading,38,37,62,4,0.9736842105263158,1.631578947368421,0.10526315789473684
2012-2013,Liverpool,38,59,96,5,1.5526315789473684,2.526315789473684,0.13157894736842105
2012-2013,Newcastle Utd,38,42,62,4,1.105263157894737,1.631578947368421,0.10526315789473684
2012-2013,Manchester Utd,38,71,126,4,1.868421052631579,3.3157894736842106,0.10526315789473684
2012-2013,Everton,38,48,82,0,1.263157894736842,2.1578947368421053,0.0
2012-2013,Fulham,38,45,76,6,1.1842105263157894,2.0,0.15789473684210525
2012-2013,Arsenal,38,63,114,5,1.6578947368421053,3.0,0.13157894736842105
2012-2013,Wigan Athletic,38,38,69,1,1.0,1.8157894736842106,0.02631578947368421
2012-2013,Norwich City,38,30,53,1,0.7894736842105263,1.394736842105263,0.02631578947368421
2012-2013,West Ham,38,42,71,4,1.105263157894737,1.868421052631579,0.10526315789473684
2012-2013,QPR,38,28,46,1,0.7368421052631579,1.2105263157894737,0.02631578947368421
2012-2013,West Brom,38,46,77,5,1.2105263157894737,2.026315789473684,0.13157894736842105
2012-2013,Sunderland,38,37,57,4,0.9736842105263158,1.5,0.10526315789473684
2012-2013,Southampton,38,43,65,3,1.131578947368421,1.7105263157894737,0.07894736842105263
2013-2014,Stoke City,38,41,67,4,1.0789473684210527,1.763157894736842,0.10526315789473684
2013-2014,Tottenham,38,48,80,5,1.263157894736842,2.1052631578947367,0.13157894736842105
2013-2014,Aston Villa,38,37,59,2,0.9736842105263158,1.5526315789473684,0.05263157894736842
2013-2014,Manchester City,38,92,149,6,2.4210526315789473,3.9210526315789473,0.15789473684210525
2013-2014,Chelsea,38,63,99,5,1.6578947368421053,2.6052631578947367,0.13157894736842105
2013-2014,Arsenal,38,62,109,3,1.631578947368421,2.8684210526315788,0.07894736842105263
2013-2014,Liverpool,38,85,138,10,2.236842105263158,3.6315789473684212,0.2631578947368421
2013-2014,Sunderland,38,39,61,6,1.0263157894736843,1.605263157894737,0.15789473684210525
2013-2014,Hull City,38,32,50,2,0.8421052631578947,1.3157894736842106,0.05263157894736842
2013-2014,West Brom,38,36,59,2,0.9473684210526315,1.5526315789473684,0.05263157894736842
2013-2014,Newcastle Utd,38,38,60,2,1.0,1.5789473684210527,0.05263157894736842
2013-2014,Manchester Utd,38,61,96,5,1.605263157894737,2.526315789473684,0.13157894736842105
2013-2014,Everton,38,53,92,0,1.394736842105263,2.4210526315789473,0.0
2013-2014,West Ham,38,35,59,2,0.9210526315789473,1.5526315789473684,0.05263157894736842
2013-2014,Fulham,38,36,63,2,0.9473684210526315,1.6578947368421053,0.05263157894736842
2013-2014,Crystal Palace,38,28,46,5,0.7368421052631579,1.2105263157894737,0.13157894736842105
2013-2014,Norwich City,38,27,45,1,0.7105263157894737,1.1842105263157894,0.02631578947368421
2013-2014,Cardiff City,38,24,46,1,0.631578947368421,1.2105263157894737,0.02631578947368421
2013-2014,Swansea City,38,43,78,4,1.131578947368421,2.0526315789473686,0.10526315789473684
2013-2014,Southampton,38,46,81,3,1.2105263157894737,2.1315789473684212,0.07894736842105263
2014-2015,Newcastle Utd,38,37,60,1,0.9736842105263158,1.5789473684210527,0.02631578947368421
2014-2015,Stoke City,38,45,73,3,1.1842105263157894,1.9210526315789473,0.07894736842105263
2014-2015,Tottenham,38,56,96,3,1.4736842105263157,2.526315789473684,0.07894736842105263
2014-2015,Aston Villa,38,29,51,1,0.7631578947368421,1.3421052631578947,0.02631578947368421
2014-2015,Manchester City,38,79,132,7,2.0789473684210527,3.473684210526316,0.18421052631578946
2014-2015,Chelsea,38,62,115,4,1.631578947368421,3.026315789473684,0.10526315789473684
2014-2015,Arsenal,38,65,110,6,1.7105263157894737,2.8947368421052633,0.15789473684210525
2014-2015,Leicester City,38,41,67,3,1.0789473684210527,1.763157894736842,0.07894736842105263
2014-2015,Liverpool,38,46,76,5,1.2105263157894737,2.0,0.13157894736842105
2014-2015,Sunderland,38,30,43,4,0.7894736842105263,1.131578947368421,0.10526315789473684
2014-2015,Hull City,38,28,49,1,0.7368421052631579,1.2894736842105263,0.02631578947368421
2014-2015,West Ham,38,42,74,1,1.105263157894737,1.9473684210526316,0.02631578947368421
2014-2015,Crystal Palace,38,42,65,5,1.105263157894737,1.7105263157894737,0.13157894736842105
2014-2015,Manchester Utd,38,56,97,3,1.4736842105263157,2.5526315789473686,0.07894736842105263
2014-2015,West Brom,38,32,58,4,0.8421052631578947,1.5263157894736843,0.10526315789473684
2014-2015,Burnley,38,25,45,1,0.6578947368421053,1.1842105263157894,0.02631578947368421
2014-2015,Everton,38,44,66,2,1.1578947368421053,1.736842105263158,0.05263157894736842
2014-2015,QPR,38,37,66,3,0.9736842105263158,1.736842105263158,0.07894736842105263
2014-2015,Swansea City,38,43,76,2,1.131578947368421,2.0,0.05263157894736842
2014-2015,Southampton,38,45,75,2,1.1842105263157894,1.9736842105263157,0.05263157894736842
2015-2016,Newcastle Utd,38,37,67,3,0.9736842105263158,1.763157894736842,0.07894736842105263
2015-2016,Watford,38,33,50,6,0.868421052631579,1.3157894736842106,0.15789473684210525
2015-2016,Chelsea,38,47,79,4,1.236842105263158,2.0789473684210527,0.10526315789473684
2015-2016,Stoke City,38,40,64,5,1.0526315789473684,1.6842105263157894,0.13157894736842105
2015-2016,Crystal Palace,38,29,44,4,0.7631578947368421,1.1578947368421053,0.10526315789473684
2015-2016,Bournemouth,38,33,52,1,0.868421052631579,1.368421052631579,0.02631578947368421
2015-2016,Aston Villa,38,21,36,2,0.5526315789473685,0.9473684210526315,0.05263157894736842
2015-2016,Manchester City,38,65,110,5,1.7105263157894737,2.8947368421052633,0.13157894736842105
2015-2016,Leicester City,38,62,101,10,1.631578947368421,2.6578947368421053,0.2631578947368421
2015-2016,Liverpool,38,57,102,2,1.5,2.6842105263157894,0.05263157894736842
2015-2016,Tottenham,38,61,100,5,1.605263157894737,2.6315789473684212,0.13157894736842105
2015-2016,West Brom,38,26,50,1,0.6842105263157895,1.3157894736842106,0.02631578947368421
2015-2016,West Ham,38,59,92,4,1.5526315789473684,2.4210526315789473,0.10526315789473684
2015-2016,Arsenal,38,56,101,1,1.4736842105263157,2.6578947368421053,0.02631578947368421
2015-2016,Southampton,38,52,95,3,1.368421052631579,2.5,0.07894736842105263
2015-2016,Swansea City,38,38,56,5,1.0,1.4736842105263157,0.13157894736842105
2015-2016,Norwich City,38,31,56,1,0.8157894736842105,1.4736842105263157,0.02631578947368421
2015-2016,Everton,38,49,86,3,1.2894736842105263,2.263157894736842,0.07894736842105263
2015-2016,Sunderland,38,37,58,3,0.9736842105263158,1.5263157894736843,0.07894736842105263
2015-2016,Manchester Utd,38,44,66,3,1.1578947368421053,1.736842105263158,0.07894736842105263
2016-2017,Crystal Palace,38,42,68,4,1.105263157894737,1.7894736842105263,0.10526315789473684
2016-2017,Sunderland,38,27,36,5,0.7105263157894737,0.9473684210526315,0.13157894736842105
2016-2017,Stoke City,38,34,57,4,0.8947368421052632,1.5,0.10526315789473684
2016-2017,Middlesbrough,38,23,41,2,0.6052631578947368,1.0789473684210527,0.05263157894736842
2016-2017,Bournemouth,38,44,73,7,1.1578947368421053,1.9210526315789473,0.18421052631578946
2016-2017,Manchester City,38,69,120,7,1.8157894736842106,3.1578947368421053,0.18421052631578946
2016-2017,Burnley,38,35,55,6,0.9210526315789473,1.4473684210526316,0.15789473684210525
2016-2017,Chelsea,38,74,124,2,1.9473684210526316,3.263157894736842,0.05263157894736842
2016-2017,Leicester City,38,41,68,4,1.0789473684210527,1.7894736842105263,0.10526315789473684
2016-2017,Liverpool,38,67,113,0,1.763157894736842,2.973684210526316,0.0
2016-2017,Tottenham,38,83,142,7,2.1842105263157894,3.736842105263158,0.18421052631578946
2016-2017,Watford,38,35,58,3,0.9210526315789473,1.5263157894736843,0.07894736842105263
2016-2017,West Ham,38,42,69,3,1.105263157894737,1.8157894736842106,0.07894736842105263
2016-2017,Southampton,38,35,56,3,0.9210526315789473,1.4736842105263157,0.07894736842105263
2016-2017,Swansea City,38,36,64,3,0.9473684210526315,1.6842105263157894,0.07894736842105263
2016-2017,Everton,38,53,92,3,1.394736842105263,2.4210526315789473,0.07894736842105263
2016-2017,Arsenal,38,68,119,4,1.7894736842105263,3.1315789473684212,0.10526315789473684
2016-2017,West Brom,38,31,60,1,0.8157894736842105,1.5789473684210527,0.02631578947368421
2016-2017,Hull City,38,29,48,3,0.7631578947368421,1.263157894736842,0.07894736842105263
2016-2017,Manchester Utd,38,50,81,3,1.3157894736842106,2.1315789473684212,0.07894736842105263
2017-2018,Newcastle Utd,38,33,56,0,0.868421052631579,1.4736842105263157,0.0
2017-2018,Swansea City,38,23,38,1,0.6052631578947368,1.0,0.02631578947368421
2017-2018,Stoke City,38,32,58,0,0.8421052631578947,1.5263157894736843,0.0
2017-2018,Bournemouth,38,41,72,3,1.0789473684210527,1.894736842105263,0.07894736842105263
2017-2018,Manchester City,38,94,168,6,2.473684210526316,4.421052631578948,0.15789473684210525
2017-2018,Leicester City,38,51,82,5,1.3421052631578947,2.1578947368421053,0.13157894736842105
2017-2018,Tottenham,38,66,101,2,1.736842105263158,2.6578947368421053,0.05263157894736842
2017-2018,Chelsea,38,56,90,3,1.4736842105263157,2.3684210526315788,0.07894736842105263
2017-2018,Watford,38,35,57,3,0.9210526315789473,1.5,0.07894736842105263
2017-2018,West Ham,38,45,66,2,1.1842105263157894,1.736842105263158,0.05263157894736842
2017-2018,Burnley,38,33,53,0,0.868421052631579,1.394736842105263,0.0
2017-2018,Arsenal,38,58,109,4,1.5263157894736843,2.8684210526315788,0.10526315789473684
2017-2018,Southampton,38,31,45,3,0.8157894736842105,1.1842105263157894,0.07894736842105263
2017-2018,Brighton,38,32,55,5,0.8421052631578947,1.4473684210526316,0.13157894736842105
2017-2018,Everton,38,39,57,3,1.0263157894736843,1.5,0.07894736842105263
2017-2018,West Brom,38,25,45,1,0.6578947368421053,1.1842105263157894,0.02631578947368421
2017-2018,Crystal Palace,38,34,56,8,0.8947368421052632,1.4736842105263157,0.21052631578947367
2017-2018,Huddersfield,38,25,38,2,0.6578947368421053,1.0,0.05263157894736842
2017-2018,Manchester Utd,38,57,105,1,1.5,2.763157894736842,0.02631578947368421
2017-2018,Liverpool,38,76,125,2,2.0,3.289473684210526,0.05263157894736842
2018-2019,Manchester City,38,85,142,3,2.236842105263158,3.736842105263158,0.07894736842105263
2018-2019,Leicester City,38,41,71,5,1.0789473684210527,1.868421052631579,0.13157894736842105
2018-2019,Tottenham,38,62,97,4,1.631578947368421,2.5526315789473686,0.10526315789473684
2018-2019,Newcastle Utd,38,33,58,1,0.868421052631579,1.5263157894736843,0.02631578947368421
2018-2019,West Ham,38,47,76,5,1.236842105263158,2.0,0.13157894736842105
2018-2019,Brighton,38,27,46,5,0.7105263157894737,1.2105263157894737,0.13157894736842105
2018-2019,Southampton,38,38,57,4,1.0,1.5,0.10526315789473684
2018-2019,Cardiff City,38,28,42,3,0.7368421052631579,1.105263157894737,0.07894736842105263
2018-2019,Arsenal,38,61,102,4,1.605263157894737,2.6842105263157894,0.10526315789473684
2018-2019,Crystal Palace,38,43,69,10,1.131578947368421,1.8157894736842106,0.2631578947368421
2018-2019,Fulham,38,33,54,2,0.868421052631579,1.4210526315789473,0.05263157894736842
2018-2019,Huddersfield,38,16,25,1,0.42105263157894735,0.6578947368421053,0.02631578947368421
2018-2019,Chelsea,38,54,95,5,1.4210526315789473,2.5,0.13157894736842105
2018-2019,Burnley,38,39,66,2,1.0263157894736843,1.736842105263158,0.05263157894736842
2018-2019,Everton,38,42,65,2,1.105263157894737,1.7105263157894737,0.05263157894736842
2018-2019,Wolves,38,41,76,4,1.0789473684210527,2.0,0.10526315789473684
2018-2019,Bournemouth,38,49,87,7,1.2894736842105263,2.289473684210526,0.18421052631578946
2018-2019,Watford,38,44,73,1,1.1578947368421053,1.9210526315789473,0.02631578947368421
2018-2019,Manchester Utd,38,60,92,9,1.5789473684210527,2.4210526315789473,0.23684210526315788
2018-2019,Liverpool,38,79,109,7,2.0789473684210527,2.8684210526315788,0.18421052631578946
2019-2020,Chelsea,38,60,96,7,1.5789473684210527,2.526315789473684,0.18421052631578946
2019-2020,Southampton,38,47,72,2,1.236842105263158,1.894736842105263,0.05263157894736842
2019-2020,Manchester City,38,96,158,6,2.526315789473684,4.157894736842105,0.15789473684210525
2019-2020,West Ham,38,40,71,4,1.0526315789473684,1.868421052631579,0.10526315789473684
2019-2020,Leicester City,38,57,98,5,1.5,2.5789473684210527,0.13157894736842105
2019-2020,Tottenham,38,52,83,3,1.368421052631579,2.1842105263157894,0.07894736842105263
2019-2020,Newcastle Utd,38,28,51,0,0.7368421052631579,1.3421052631578947,0.0
2019-2020,Brighton,38,28,47,1,0.7368421052631579,1.236842105263158,0.02631578947368421
2019-2020,Norwich City,38,24,40,2,0.631578947368421,1.0526315789473684,0.05263157894736842
2019-2020,Arsenal,38,51,79,3,1.3421052631578947,2.0789473684210527,0.07894736842105263
2019-2020,Crystal Palace,38,25,39,2,0.6578947368421053,1.0263157894736843,0.05263157894736842
2019-2020,Burnley,38,38,62,3,1.0,1.631578947368421,0.07894736842105263
2019-2020,Aston Villa,38,34,61,1,0.8947368421052632,1.605263157894737,0.02631578947368421
2019-2020,Sheffield Utd,38,30,46,1,0.7894736842105263,1.2105263157894737,0.02631578947368421
2019-2020,Everton,38,38,58,1,1.0,1.5263157894736843,0.02631578947368421
2019-2020,Bournemouth,38,34,48,4,0.8947368421052632,1.263157894736842,0.10526315789473684
2019-2020,Watford,38,32,50,7,0.8421052631578947,1.3157894736842106,0.18421052631578946
2019-2020,Wolves,38,47,79,4,1.236842105263158,2.0789473684210527,0.10526315789473684
2019-2020,Manchester Utd,38,62,100,10,1.631578947368421,2.6315789473684212,0.2631578947368421
2019-2020,Liverpool,38,71,112,5,1.868421052631579,2.9473684210526314,0.13157894736842105
2020-2021,Chelsea,38,41,70,8,1.0789473684210527,1.8421052631578947,0.21052631578947367
2020-2021,Southampton,38,43,72,5,1.131578947368421,1.894736842105263,0.13157894736842105
2020-2021,Manchester City,38,73,125,5,1.9210526315789473,3.289473684210526,0.13157894736842105
2020-2021,Leicester City,38,55,94,10,1.4473684210526316,2.473684210526316,0.2631578947368421
2020-2021,Liverpool,38,58,84,6,1.5263157894736843,2.210526315789474,0.15789473684210525
2020-2021,Leeds United,38,58,103,4,1.5263157894736843,2.710526315789474,0.10526315789473684
2020-2021,Everton,38,39,68,4,1.0263157894736843,1.7894736842105263,0.10526315789473684
2020-2021,Tottenham,38,63,104,5,1.6578947368421053,2.736842105263158,0.13157894736842105
2020-2021,Newcastle Utd,38,38,63,5,1.0,1.6578947368421053,0.13157894736842105
2020-2021,Brighton,38,31,54,6,0.8157894736842105,1.4210526315789473,0.15789473684210525
2020-2021,Sheffield Utd,38,18,26,3,0.47368421052631576,0.6842105263157895,0.07894736842105263
2020-2021,West Ham,38,51,82,2,1.3421052631578947,2.1578947368421053,0.05263157894736842
2020-2021,Arsenal,38,49,80,6,1.2894736842105263,2.1052631578947367,0.15789473684210525
2020-2021,West Brom,38,27,40,4,0.7105263157894737,1.0526315789473684,0.10526315789473684
2020-2021,Crystal Palace,38,35,59,3,0.9210526315789473,1.5526315789473684,0.07894736842105263
2020-2021,Aston Villa,38,47,79,5,1.236842105263158,2.0789473684210527,0.13157894736842105
2020-2021,Burnley,38,27,45,3,0.7105263157894737,1.1842105263157894,0.07894736842105263
2020-2021,Manchester Utd,38,64,102,10,1.6842105263157894,2.6842105263157894,0.2631578947368421
2020-2021,Fulham,38,23,39,3,0.6052631578947368,1.0263157894736843,0.07894736842105263
2020-2021,Wolves,38,28,46,4,0.7368421052631579,1.2105263157894737,0.10526315789473684
2021-2022,Southampton,38,35,57,4,0.9210526315789473,1.5,0.10526315789473684
2021-2022,Wolves,38,26,47,1,0.6842105263157895,1.236842105263158,0.02631578947368421
2021-2022,Leicester City,38,58,98,2,1.5263157894736843,2.5789473684210527,0.05263157894736842
2021-2022,Liverpool,38,83,123,7,2.1842105263157894,3.236842105263158,0.18421052631578946
2021-2022,Everton,38,34,59,6,0.8947368421052632,1.5526315789473684,0.15789473684210525
2021-2022,Tottenham,38,57,102,5,1.5,2.6842105263157894,0.13157894736842105
2021-2022,Newcastle Utd,38,35,49,3,0.9210526315789473,1.2894736842105263,0.07894736842105263
2021-2022,Brighton,38,33,61,4,0.868421052631579,1.605263157894737,0.10526315789473684
2021-2022,West Ham,38,51,87,4,1.3421052631578947,2.289473684210526,0.10526315789473684
2021-2022,Aston Villa,38,40,71,3,1.0526315789473684,1.868421052631579,0.07894736842105263
2021-2022,Arsenal,38,51,86,5,1.3421052631578947,2.263157894736842,0.13157894736842105
2021-2022,Crystal Palace,38,47,71,6,1.236842105263158,1.868421052631579,0.15789473684210525
2021-2022,Leeds United,38,37,60,5,0.9736842105263158,1.5789473684210527,0.13157894736842105
2021-2022,Brentford,38,36,62,6,0.9473684210526315,1.631578947368421,0.15789473684210525
2021-2022,Chelsea,38,53,87,8,1.394736842105263,2.289473684210526,0.21052631578947367
2021-2022,Burnley,38,24,41,1,0.631578947368421,1.0789473684210527,0.02631578947368421
2021-2022,Manchester Utd,38,54,90,3,1.4210526315789473,2.3684210526315788,0.07894736842105263
2021-2022,Norwich City,38,19,31,3,0.5,0.8157894736842105,0.07894736842105263
2021-2022,Manchester City,38,86,132,7,2.263157894736842,3.473684210526316,0.18421052631578946
2021-2022,Watford,38,32,50,1,0.8421052631578947,1.3157894736842106,0.02631578947368421
2022-2023,Leeds United,38,36,63,1,0.9473684210526315,1.6578947368421053,0.02631578947368421
2022-2023,Tottenham,38,60,99,5,1.5789473684210527,2.6052631578947367,0.13157894736842105
2022-2023,Southampton,38,31,50,2,0.8157894736842105,1.3157894736842106,0.05263157894736842
2022-2023,Crystal Palace,38,34,61,1,0.8947368421052632,1.605263157894737,0.02631578947368421
2022-2023,Leicester City,38,45,74,3,1.1842105263157894,1.9473684210526316,0.07894736842105263
2022-2023,Liverpool,38,65,100,2,1.7105263157894737,2.6315789473684212,0.05263157894736842
2022-2023,Everton,38,26,44,3,0.6842105263157895,1.1578947368421053,0.07894736842105263
2022-2023,Newcastle Utd,38,61,93,6,1.605263157894737,2.4473684210526314,0.15789473684210525
2022-2023,Manchester City,38,89,155,9,2.3421052631578947,4.078947368421052,0.23684210526315788
2022-2023,Bournemouth,38,33,53,0,0.868421052631579,1.394736842105263,0.0
2022-2023,West Ham,38,36,57,6,0.9473684210526315,1.5,0.15789473684210525
2022-2023,Manchester Utd,38,53,91,3,1.394736842105263,2.3947368421052633,0.07894736842105263
2022-2023,Aston Villa,38,46,75,3,1.2105263157894737,1.9736842105263157,0.07894736842105263
2022-2023,Chelsea,38,33,55,3,0.868421052631579,1.4473684210526316,0.07894736842105263
2022-2023,Nott'ham Forest,38,33,52,3,0.868421052631579,1.368421052631579,0.07894736842105263
2022-2023,Brighton,38,65,102,6,1.7105263157894737,2.6842105263157894,0.15789473684210525
2022-2023,Brentford,38,49,81,7,1.2894736842105263,2.1315789473684212,0.18421052631578946
2022-2023,Fulham,38,48,75,5,1.263157894736842,1.9736842105263157,0.13157894736842105
2022-2023,Wolves,38,24,34,3,0.631578947368421,0.8947368421052632,0.07894736842105263
2022-2023,Arsenal,38,74,128,3,1.9473684210526316,3.3684210526315788,0.07894736842105263
2023-2024,Sheffield Utd,38,25,41,5,0.6578947368421053,1.0789473684210527,0.13157894736842105
2023-2024,Bournemouth,38,47,75,2,1.236842105263158,1.9736842105263157,0.05263157894736842
2023-2024,Luton Town,38,42,60,5,1.105263157894737,1.5789473684210527,0.13157894736842105
2023-2024,Brighton,38,41,72,5,1.0789473684210527,1.894736842105263,0.13157894736842105
2023-2024,Nott'ham Forest,38,44,77,1,1.1578947368421053,2.026315789473684,0.02631578947368421
2023-2024,Crystal Palace,38,54,92,4,1.4210526315789473,2.4210526315789473,0.10526315789473684
2023-2024,Wolves,38,43,74,4,1.131578947368421,1.9473684210526316,0.10526315789473684
2023-2024,Manchester City,38,88,150,9,2.3157894736842106,3.9473684210526314,0.23684210526315788
2023-2024,Liverpool,38,69,114,6,1.8157894736842106,3.0,0.15789473684210525
2023-2024,Newcastle Utd,38,71,111,8,1.868421052631579,2.9210526315789473,0.21052631578947367
2023-2024,West Ham,38,52,83,4,1.368421052631579,2.1842105263157894,0.10526315789473684
2023-2024,Burnley,38,34,55,3,0.8947368421052632,1.4473684210526316,0.07894736842105263
2023-2024,Manchester Utd,38,51,77,6,1.3421052631578947,2.026315789473684,0.15789473684210525
2023-2024,Aston Villa,38,64,113,4,1.6842105263157894,2.973684210526316,0.10526315789473684
2023-2024,Fulham,38,48,79,2,1.263157894736842,2.0789473684210527,0.05263157894736842
2023-2024,Brentford,38,44,72,3,1.1578947368421053,1.894736842105263,0.07894736842105263
2023-2024,Tottenham,38,54,102,2,1.4210526315789473,2.6842105263157894,0.05263157894736842
2023-2024,Everton,38,33,47,2,0.868421052631579,1.236842105263158,0.05263157894736842
2023-2024,Chelsea,38,68,105,11,1.7894736842105263,2.763157894736842,0.2894736842105263
2023-2024,Arsenal,38,72,123,10,1.894736842105263,3.236842105263158,0.2631578947368421
